label,youtube_id,time_start,time_end,split
blowing nose,AxT4KGgCtN8,2,12,validate
catching or throwing frisbee,AxgWfYvA-Zo,8,18,validate
celebrating,AxkgTsfZ9ME,115,125,validate
bartending,AxpxsMheLZ4,134,144,validate
petting cat,AyZ2hw6W6_Q,0,10,validate
sweeping floor,AyrJLW2Mpbw,0,10,validate
clean and jerk,AyrbBM87D5g,12,22,validate
biking through snow,AzLMpbfDa8E,43,53,validate
planting trees,Az_oY4eA2EA,3,13,validate
throwing discus,B-JC1A_KQ84,13,23,validate
ice fishing,B-cooLEi7C0,27,37,validate
brushing teeth,B-eyMbEe2-4,23,33,validate
making pizza,B-mWdWjAbjQ,314,324,validate
playing chess,B-spAZFhXxk,30,40,validate
shoveling snow,B029kZSTx6Y,3,13,validate
decorating the christmas tree,B0D-T8rPINo,60,70,validate
doing nails,B0HY3z-Uc1A,165,175,validate
flipping pancake,B0ab3213sYY,30,40,validate
climbing a rope,B0qJyLpntgQ,6,16,validate
clay pottery making,B0r8ybPVZws,2,12,validate
tango dancing,B0xZ0e4tqAU,155,165,validate
scrambling eggs,B1JoAUA19Jw,38,48,validate
dancing ballet,B1VMXc70Onc,13,23,validate
slapping,B1gNzTo2qyE,2,12,validate
sanding floor,B1hpiIubpOk,102,112,validate
opening bottle,B1tr5F2CPAQ,95,105,validate
eating burger,B21VWd9z9Ww,51,61,validate
taking a shower,B23pN3O7oms,0,10,validate
drumming fingers,B28a7A-YdLM,25,35,validate
disc golfing,B2PYviO_MBw,341,351,validate
squat,B2Qpcabplso,17,27,validate
catching fish,B2bmIHbvArc,5,15,validate
taking a shower,B2dEncQ_E68,69,79,validate
catching or throwing baseball,B3EX-SmSh70,2,12,validate
building cabinet,B3RmHebBv1g,30,40,validate
swimming backstroke,B3qb2F_MxRw,648,658,validate
laughing,B3sQivF4s4w,448,458,validate
bandaging,B45O5QhK91w,63,73,validate
playing cricket,B4GPM6Hy6ZI,137,147,validate
playing ice hockey,B4XOE5mspq8,4,14,validate
pumping gas,B4e4b222Ws0,6,16,validate
baking cookies,B4fBVrtr3Qo,147,157,validate
water skiing,B57NAi7KZ78,8,18,validate
grinding meat,B58eZb6k1OI,304,314,validate
playing badminton,B5GZDpPrN6g,14,24,validate
playing flute,B5V-gDdYI4Y,65,75,validate
scuba diving,B5b2rBinfCw,24,34,validate
front raises,B63YUwWcA_8,4,14,validate
windsurfing,B69q1FpN_iY,116,126,validate
flying kite,B6GpCEfEwJU,77,87,validate
javelin throw,B6L4dUKm9_Y,2,12,validate
gymnastics tumbling,B6NQFCRZf04,54,64,validate
crossing river,B6gxJpoVNr8,5,15,validate
grooming dog,B7N6e_txBaM,8,18,validate
baking cookies,B7PqtWRQNbo,316,326,validate
baby waking up,B7ZWLBPF-So,3,13,validate
waxing back,B85vXohIaDg,14,24,validate
bowling,B86jGiboZMM,34,44,validate
rock scissors paper,B8P3VwwkFW8,8,18,validate
smoking,B8WPXlVXb6Q,22,32,validate
clean and jerk,B8WQ7foXaJ4,3,13,validate
salsa dancing,B8ZB0W68RqY,52,62,validate
making a sandwich,B8_bnOUYKhg,25,35,validate
cleaning pool,B8uJabL49FI,74,84,validate
clean and jerk,B98EOBpM5YQ,17,27,validate
playing piano,B98TeRdNznM,26,36,validate
petting cat,B9BGRDotBG8,4,14,validate
doing nails,B9DIINQnDG8,25,35,validate
playing cymbals,B9iL4uBr4TM,259,269,validate
feeding goats,BAHRnMEFEwg,4,14,validate
golf chipping,BAL7gr2Nqks,4,14,validate
tossing coin,BAUA4fUj2cA,10,20,validate
parasailing,BAWbAomXWYE,2,12,validate
shearing sheep,BAiRyPFPaAI,70,80,validate
salsa dancing,BAogaOXkM-U,118,128,validate
waxing chest,BBDR-x9Pz6Q,19,29,validate
bowling,BBN3OkI40xk,8,18,validate
playing paintball,BBO43B9WOUE,5,15,validate
grooming dog,BBbV21_LNBc,547,557,validate
tossing coin,BBfk5SMBZPE,23,33,validate
strumming guitar,BC8PLOvo8rk,50,60,validate
decorating the christmas tree,BC8gRenEZ9Y,514,524,validate
side kick,BCdL5JXRUoI,47,57,validate
massaging feet,BCgFPj0lLFg,95,105,validate
bench pressing,BDOyyXvkZfM,220,230,validate
tossing coin,BD_X0yDQeIQ,0,10,validate
making a cake,BE7DuKEh7us,16,26,validate
using remote controller (not gaming),BE8c82RsBCM,215,225,validate
playing piano,BEEGTv3Eb30,1,11,validate
bench pressing,BFPKPjBgXIU,22,32,validate
motorcycling,BFSI1GSWZF0,20,30,validate
reading book,BFYBAg9fSL4,388,398,validate
golf putting,BFymm3O0_PE,10,20,validate
ski jumping,BG3qTBvDIYg,22,32,validate
playing monopoly,BG5t45l8MUg,28,38,validate
drinking,BG6PwznFkE0,554,564,validate
grooming dog,BGVV6HpegaQ,52,62,validate
high kick,BGbKbr0c-9Y,4,14,validate
making snowman,BGlsCmw_49Q,197,207,validate
swinging legs,BHMeO1L6sO4,5,15,validate
balloon blowing,BHWHROvxnHE,8,18,validate
playing chess,BHZLeikiPao,4,14,validate
playing cymbals,BHjh7yu7Lzo,41,51,validate
ice skating,BHsEDv0MZeI,522,532,validate
tossing coin,BHyaPDyQbs4,4,14,validate
holding snake,BI3EgX_VS4Y,61,71,validate
hurdling,BIPWkY0jIXA,118,128,validate
watering plants,BIdw6FZvvHo,2,12,validate
flying kite,BJ4DdzKi-GE,8,18,validate
abseiling,BJ8ZBTYXyAE,76,86,validate
tapping guitar,BJACErphRZg,1,11,validate
yoga,BJOOPOjhE-g,49,59,validate
jumpstyle dancing,BJa-nPW3LLs,318,328,validate
swimming breast stroke,BJj9z4n0STk,27,37,validate
balloon blowing,BJlHsunMcME,296,306,validate
setting table,BJwEdgSZKog,120,130,validate
eating watermelon,BJweahZ1ZjM,95,105,validate
swimming backstroke,BK3cLKjmnek,28,38,validate
punching person (boxing),BKKZwGtb0HQ,140,150,validate
headbutting,BKT5CRV_418,0,10,validate
throwing discus,BL3rYEiim58,72,82,validate
golf putting,BLLQVSig85g,7,17,validate
massaging feet,BLPe9NdtWb0,317,327,validate
waxing back,BLiDcdCX7ac,110,120,validate
waxing back,BM3yGu1uCKE,19,29,validate
dodgeball,BM9XtdC6B0A,87,97,validate
cooking chicken,BMFiOTq7GhI,42,52,validate
riding a bike,BMz8HNkM2sw,578,588,validate
swing dancing,BN25n8-eHBQ,37,47,validate
throwing axe,BN2az4fHMHM,0,10,validate
jumpstyle dancing,BN56cms2DFE,45,55,validate
robot dancing,BN5NLWihfm8,20,30,validate
snowkiting,BOizaOAVyJk,18,28,validate
bungee jumping,BOqR-dhHu4o,141,151,validate
brush painting,BOsw05jsKao,228,238,validate
air drumming,BOw4uYkjImw,31,41,validate
playing recorder,BPAZjVFei4M,0,10,validate
drinking shots,BPdhR_xx4m4,122,132,validate
tying bow tie,BPkB7rLzfBE,13,23,validate
baby waking up,BQKpuopOZiQ,1,11,validate
cooking on campfire,BQfDmW1Nodk,2,12,validate
blowing leaves,BQkGMJD39c8,25,35,validate
peeling apples,BRMRTWoAjpE,32,42,validate
pushing car,BRSyP1ipDp4,45,55,validate
throwing discus,BRUpBkO_0Rg,4,14,validate
arm wrestling,BR_xexuO7Ac,19,29,validate
building cabinet,BRmFy1lYfhY,2,12,validate
bookbinding,BS2HHfEy04Q,18,28,validate
recording music,BSMzllNF88A,901,911,validate
rock climbing,BSo0GTPOtjk,0,10,validate
juggling fire,BT7VcTPg6pE,110,120,validate
catching or throwing softball,BTXbUwxmdHM,1,11,validate
bungee jumping,BTqj4XvHv0c,9,19,validate
exercising with an exercise ball,BUT8oefH9Nw,38,48,validate
singing,BV61-QMh8A0,56,66,validate
jogging,BVEpvBjJXf4,3,13,validate
recording music,BVLusCW-qPY,1591,1601,validate
playing flute,BVMxdSXghoI,113,123,validate
riding or walking with horse,BVPF2YPvFjU,0,10,validate
doing aerobics,BW9tYT0Y0lo,52,62,validate
cleaning shoes,BWUegTwLnpU,7,17,validate
feeding goats,BWnUqo2pXgQ,7,17,validate
spray painting,BWxQXzXynhQ,387,397,validate
swimming breast stroke,BX-dyfoGFsE,168,178,validate
abseiling,BXXE1G7O5ec,30,40,validate
eating hotdog,BXb1JVzqhpA,3,13,validate
playing accordion,BXdLkM8ed2c,86,96,validate
playing trombone,BXqG3TAD5CM,301,311,validate
eating hotdog,BXsqpXXi3p4,26,36,validate
applying cream,BY0883Dvt1c,20,30,validate
giving or receiving award,BYLMB5s0M8Q,168,178,validate
playing volleyball,BYRSePXrZFY,3,13,validate
shooting goal (soccer),BYiyq0pD6M0,12,22,validate
ski jumping,BYjR9k93WlI,13,23,validate
robot dancing,BYntfjRyIqw,34,44,validate
lunge,BYoIZZLnizg,8,18,validate
fixing hair,BYuGF3yuoy0,25,35,validate
bookbinding,BZ5bWl6t28Y,6,16,validate
hoverboarding,BZFXl8lz30k,84,94,validate
skiing (not slalom or crosscountry),BZVvlUhQjjI,64,74,validate
folding clothes,B_8RBGQRfQo,15,25,validate
shaving legs,B_E-eRN3FQQ,121,131,validate
digging,B__pr_4s7vY,43,53,validate
yawning,B_jqMnvs5Y8,34,44,validate
building shed,Ba9jdO3a6lY,29,39,validate
mopping floor,BaX9kZ1IVtg,16,26,validate
tying knot (not on a tie),Baf1ouY3q9U,46,56,validate
cleaning shoes,BaxSXj7lRaE,1741,1751,validate
chopping wood,Bb8h5wgHlug,47,57,validate
tai chi,BbFbo987QEo,57,67,validate
unboxing,BbPVtRkmQoY,38,48,validate
somersaulting,Bbt3AmL2BAU,15,25,validate
breading or breadcrumbing,Bc2iSXI37jk,146,156,validate
playing cello,BcRFkIFnkrg,169,179,validate
playing clarinet,BcTqDYzKNvE,23,33,validate
vault,BcWB55fhQgc,1,11,validate
shaking head,Bchh2rWnSUY,0,10,validate
playing guitar,Bd0dqJ1ac0w,6,16,validate
massaging back,BdL_aocA0FA,202,212,validate
snowmobiling,BdMMVJE68WY,106,116,validate
arm wrestling,BdMiTo_OtnU,24,34,validate
eating doughnuts,BdS2tF_ZV-A,3,13,validate
exercising with an exercise ball,BdUJ7G6l86Q,31,41,validate
unboxing,BdejysmsL-A,4,14,validate
arranging flowers,BdmLB7IdGrk,4,14,validate
throwing discus,Be2wr7V430I,9,19,validate
shaving legs,Be3L2e7HN54,336,346,validate
carrying baby,Be4hwJOMK2k,3,13,validate
jetskiing,Be59Cot2yGI,233,243,validate
kitesurfing,BeAaZ5z4SjA,20,30,validate
snowmobiling,BeWV1TmeUMI,231,241,validate
eating watermelon,BeWXixoIYKQ,2,12,validate
bartending,Bedt6pQucJ0,21,31,validate
drinking beer,BetKhiZ1WH0,2,12,validate
playing kickball,Bf-hpUhA_SM,81,91,validate
skydiving,BfIr1oCA1Ag,142,152,validate
doing laundry,BfQBoGSK4yQ,63,73,validate
snorkeling,BfvLrqzWUIU,80,90,validate
playing squash or racquetball,Bg1EpavUsPM,7,17,validate
petting cat,BgAm_L544l4,83,93,validate
marching,BgOoJsdK-xQ,3,13,validate
fixing hair,Bg_Bu1r5C2M,24,34,validate
climbing a rope,BgtsN1zeFWA,92,102,validate
drinking beer,Bgx-GQumPI4,14,24,validate
washing hair,BhU4HGJ2q4s,4,14,validate
skydiving,BhX34zRo_X4,303,313,validate
playing controller,BhaIwy7bhbI,81,91,validate
egg hunting,Bhh6SXsbjk8,298,308,validate
sneezing,Bho0Y09F8Mc,5,15,validate
testifying,BhsWYHkVxe0,366,376,validate
folding napkins,BhzWVe4IObw,8,18,validate
passing American football (not in game),Bi3hP8GZ7lo,0,10,validate
canoeing or kayaking,Bi5SWEY6uH8,34,44,validate
abseiling,BiKRPPjAzvw,17,27,validate
playing tennis,BiPEqlFe9uA,24,34,validate
testifying,Bicb5LxQpoE,89,99,validate
ice skating,BieCxR3Z3UQ,9,19,validate
eating cake,BiuX8Y2JfKY,6,16,validate
eating doughnuts,Bj2qJyBMT6M,15,25,validate
using remote controller (not gaming),Bj7_KWKEXp8,46,56,validate
folding napkins,BjD1OkYYtOg,1,11,validate
shooting basketball,BjFTngjxqnE,64,74,validate
cleaning toilet,BjS2g1oZj_s,65,75,validate
slacklining,Bjco_Ec6o18,10,20,validate
reading newspaper,Bjsg5MmY0y4,2386,2396,validate
kicking soccer ball,BkMiu4DsJ_c,0,10,validate
massaging back,BkP_f7PBXho,3,13,validate
dancing ballet,Bki_EicToJY,67,77,validate
climbing tree,BklJ8o8r_QQ,2,12,validate
playing trumpet,Bku1HQeIzK0,119,129,validate
belly dancing,Bku4waXc93M,1156,1166,validate
dunking basketball,Bl28qY8T6NA,45,55,validate
ironing,Bl95hoOv_GY,218,228,validate
pumping fist,BlHNGhui6LA,21,31,validate
dancing charleston,BlNlJLZb1To,81,91,validate
tasting beer,BlRsWeiFhYo,18,28,validate
stomping grapes,BlXpGhnUPqg,16,26,validate
mopping floor,BlqvJvCjhIY,79,89,validate
spraying,BlwlkTPikLY,142,152,validate
sniffing,BlzymIXXC7E,10,20,validate
dancing macarena,Bm1oOm6CptE,3,13,validate
skiing slalom,Bm6RhvexHnc,20,30,validate
holding snake,BmcleH_ubAo,2,12,validate
auctioning,BmoYmHfqbRE,138,148,validate
riding scooter,Bn-3pjFbigQ,25,35,validate
sweeping floor,Bn5x_pup3Ko,17,27,validate
wrapping present,Bn6zdyCAwJs,52,62,validate
clay pottery making,BnXlPP-Knq8,5,15,validate
playing flute,Bnj3mVn7kac,265,275,validate
playing harmonica,Bnr_xmh3Od4,13,23,validate
garbage collecting,Bo-k6v4Q18k,65,75,validate
doing laundry,BoCZ3c7PZik,3,13,validate
trapezing,BoJCCgEtBVE,9,19,validate
playing bass guitar,Bobkw016yr0,41,51,validate
dancing charleston,BogAhEjEJiM,127,137,validate
catching or throwing frisbee,BpjfZYjF7W0,49,59,validate
swimming breast stroke,BplZKBmpXIg,16,26,validate
slapping,BqEQdy_IMeY,0,10,validate
checking tires,BqX7dCrqAyA,37,47,validate
punching person (boxing),BqdjAlbg9XE,21,31,validate
running on treadmill,BrKuhHIHccg,49,59,validate
egg hunting,BrMIOUeQKqU,51,61,validate
surfing water,BrmGqgEtitM,99,109,validate
dodgeball,Brslw-rolvg,22,32,validate
checking tires,BrswDIf9Gmc,109,119,validate
bungee jumping,Bsf3wxPNt9o,0,10,validate
changing oil,BsgM6IM9_Zw,114,124,validate
tickling,Bt0kmp3D3WA,2026,2036,validate
strumming guitar,BtYA4jmNUDc,58,68,validate
yawning,BtuHXqEu75E,88,98,validate
vault,Bu9cLA8a52A,88,98,validate
bungee jumping,BuEmYDpsrqk,130,140,validate
making snowman,BuNbUVsQaLA,67,77,validate
sneezing,BuZdSvfZvaM,492,502,validate
kissing,Budev0FmDZw,251,261,validate
kicking field goal,BulryAJv1oA,1,11,validate
eating carrots,BvHv6ZWEj4g,3,13,validate
carrying baby,BvN83jOKUl8,102,112,validate
zumba,BvO4NNTw7Ks,94,104,validate
massaging feet,BwMKdpNAmy4,90,100,validate
cleaning floor,BwkLEegT1Ps,3,13,validate
writing,Bx7yPCR2RGo,266,276,validate
parasailing,BxLfioHt5dQ,542,552,validate
pumping gas,BxOrsMjrz84,81,91,validate
making a cake,BxVfS2g99Lg,457,467,validate
playing poker,BxWyJwyGEjk,8,18,validate
eating carrots,By1lQRot9eo,35,45,validate
long jump,By4aBkCC3js,2,12,validate
pull ups,By6Q1K6y1-4,0,10,validate
cutting watermelon,ByCkFiCJVP0,14,24,validate
hurdling,BzGQQfDpcfY,19,29,validate
pushing cart,BzRbZis9ZsA,1,11,validate
riding elephant,BzSOA6_7YbY,8,18,validate
jogging,BzfCfmM71XY,22,32,validate
juggling balls,C-AOi2aAPvc,41,51,validate
blowing out candles,C0J6EQYYLzI,0,10,validate
throwing ball,C0KAzP1oAQg,0,10,validate
abseiling,C0VVxIhDp9Q,21,31,validate
using remote controller (not gaming),C0iEsvqb8J4,0,10,validate
playing trombone,C0pXMlJYP-0,127,137,validate
cleaning pool,C15UXKIXTVU,156,166,validate
tying tie,C15qK3MFWLk,1,11,validate
kicking field goal,C1P4JPvDlj8,4,14,validate
pull ups,C1yLT-4rwqA,0,10,validate
shaving head,C2F9hfIMSTc,61,71,validate
drumming fingers,C38hpf0agbo,58,68,validate
making bed,C39LcITrl2g,117,127,validate
tasting beer,C3EeVCs40yY,80,90,validate
climbing ladder,C3EwcscJQ1I,2,12,validate
cooking sausages,C3G4fMnA7ag,42,52,validate
disc golfing,C3ihyQVPCKU,5,15,validate
golf driving,C3l5Lmaghr8,65,75,validate
washing dishes,C3p5Qr_hMP0,19,29,validate
bench pressing,C4-ZQjH2tNM,37,47,validate
sanding floor,C4BoS9SmMrs,7,17,validate
extinguishing fire,C4G5Md3vDm8,40,50,validate
playing volleyball,C4RXDYobmfA,15,25,validate
playing violin,C4UOVtrzqM4,10,20,validate
riding a bike,C4_fYhdrSxs,82,92,validate
making jewelry,C4dltoCC-LY,340,350,validate
arm wrestling,C4lCVBZ3ux0,28,38,validate
passing American football (not in game),C591rAFWwPk,98,108,validate
motorcycling,C5C3mofZzEM,145,155,validate
holding snake,C5MfU5zeudI,14,24,validate
applying cream,C5Yqp_3ROlE,2,12,validate
presenting weather forecast,C5Z1sRArUR0,144,154,validate
kicking field goal,C5hxIrUIgy8,13,23,validate
changing wheel,C5wxxre5WG4,368,378,validate
eating spaghetti,C5yTd8hS6AY,39,49,validate
cleaning toilet,C65PyfZPsRM,43,53,validate
water skiing,C6kWeTyMH5U,3,13,validate
giving or receiving award,C6mHL_-jSGc,19,29,validate
skipping rope,C6rMq3kjz1A,23,33,validate
mopping floor,C6wnR2RphMs,29,39,validate
swimming butterfly stroke,C79cOfgVY78,84,94,validate
carving pumpkin,C7KAp4KqabU,285,295,validate
hitting baseball,C7icGyrdROM,6,16,validate
bending back,C7okhbC3viU,1,11,validate
whistling,C7t8KPoyMVM,52,62,validate
golf driving,C8H4iQ2s4Ig,86,96,validate
clapping,C8_OReDn5OY,9,19,validate
climbing a rope,C8_aYXTrthw,50,60,validate
playing piano,C9boKvSr3kU,15,25,validate
country line dancing,C9g1gkxhmuU,46,56,validate
playing saxophone,C9jFsikga4Y,148,158,validate
riding or walking with horse,C9pFs8sDARw,218,228,validate
tossing salad,CA-RJO-X1xE,160,170,validate
playing organ,CAmUzqXTgMo,153,163,validate
holding snake,CAmgCqrRloI,18,28,validate
making tea,CAtgKuqiWUc,104,114,validate
assembling computer,CB1iIWtDpSI,431,441,validate
waxing eyebrows,CB5T4hJJxiI,309,319,validate
drop kicking,CB8NeD_dzzs,11,21,validate
javelin throw,CBE51_84bwI,3,13,validate
abseiling,CBL6uetTPHg,89,99,validate
making pizza,CBrmzvOGkeA,45,55,validate
skipping rope,CBsQM6oSaPQ,198,208,validate
cracking neck,CC3oPUeWhsY,0,10,validate
playing ukulele,CCiiothB_Zw,0,10,validate
cartwheeling,CDIyErzttyg,79,89,validate
clean and jerk,CD_GR-Q-f5E,27,37,validate
shot put,CD_qMvxjnR8,0,10,validate
surfing water,CDssc5DEun4,90,100,validate
throwing discus,CE8mTMVS13k,2,12,validate
playing bass guitar,CEEzZz1TJ64,55,65,validate
taking a shower,CEtzwMzIGJQ,46,56,validate
grinding meat,CEwMerhFSBU,7,17,validate
chopping wood,CF6Q5ojrAJo,0,10,validate
bookbinding,CFIl5wrR21o,111,121,validate
wrestling,CFLYr9t7oVs,23,33,validate
hitting baseball,CFjNxCZhn_8,14,24,validate
unboxing,CFojlfPTomU,6,16,validate
jetskiing,CFpHqwGvdrg,0,10,validate
parasailing,CFvE-66exOk,18,28,validate
eating doughnuts,CFvJ-KuSgcg,1,11,validate
making a cake,CG6vspQzu1E,180,190,validate
building cabinet,CG9DKR4lPC0,1821,1831,validate
testifying,CGAOCOEEwEQ,221,231,validate
swimming breast stroke,CGD0y60W9gs,18,28,validate
high jump,CGhHYqKLbGc,0,10,validate
peeling potatoes,CGn5KMLiNYU,13,23,validate
picking fruit,CHSnhFoVYAo,68,78,validate
eating watermelon,CHZXLS-gi9o,7,17,validate
ski jumping,CIrGNYaAs1w,1,11,validate
rock scissors paper,CJ3BEg7eidk,42,52,validate
bouncing on trampoline,CJ4-zM_9AHI,56,66,validate
catching or throwing softball,CJeOTKugkX8,2,12,validate
clay pottery making,CJfPoDBnOHA,50,60,validate
swimming breast stroke,CJo3gc8gZ0s,2,12,validate
playing chess,CK4pgYmAHvE,165,175,validate
belly dancing,CK9pliGQiOs,219,229,validate
krumping,CKNTeuDS744,59,69,validate
spraying,CKqsKhoJpOY,140,150,validate
yawning,CLTvIsDJ5no,1,11,validate
headbutting,CLfvN3g7reA,2,12,validate
kissing,CLj3aDyprzE,10,20,validate
balloon blowing,CLmzXvwy-uA,44,54,validate
driving car,CLuayLlBOEY,64,74,validate
long jump,CM2r6Btn0Ms,12,22,validate
playing cymbals,CM9op_5b0VE,133,143,validate
skipping rope,CMVFSoI5Dlw,326,336,validate
exercising arm,CMoPTL4QaR4,6,16,validate
tying knot (not on a tie),CMy13OmJLvY,158,168,validate
riding unicycle,CNZmV3bpNSA,42,52,validate
playing trombone,CNlM598hkeg,631,641,validate
ski jumping,CNpHKOLzQ_I,6,16,validate
golf chipping,CNu62Ac_NAw,127,137,validate
beatboxing,CNy2f7f_gxg,81,91,validate
fixing hair,COGhdOWHsKg,197,207,validate
catching or throwing softball,COIqoei564c,10,20,validate
playing bagpipes,COjYi31B7G0,18,28,validate
parasailing,COnYleGIBw0,25,35,validate
cooking on campfire,COpSkp-tfhI,2,12,validate
tasting food,COrYGNIyI7Y,230,240,validate
feeding fish,COt7XJzaokc,8,18,validate
climbing ladder,CPOL0ueBo4U,10,20,validate
shaking hands,CPh2bwhQFQQ,22,32,validate
rock climbing,CQ1_ovjb-Ho,258,268,validate
news anchoring,CQQdq5mfl10,270,280,validate
feeding goats,CQVEb9xLogE,4,14,validate
krumping,CQfl-rHZrm4,45,55,validate
situp,CQh6_8biAzc,0,10,validate
doing nails,CQiKFPAZ9wY,3,13,validate
massaging legs,CQyrBIhsu5Y,5,15,validate
abseiling,CQzUU7-cVck,6,16,validate
shuffling cards,CR-3nM2Otqg,89,99,validate
catching or throwing baseball,CR0PV8jmGqg,3,13,validate
slapping,CRVyiuf54lw,3,13,validate
crawling baby,CR_3tjerNNs,41,51,validate
playing poker,CRmi8FHcYzg,13,23,validate
country line dancing,CSHnDKV8yBI,53,63,validate
cutting watermelon,CSIKgm1nVBk,48,58,validate
moving furniture,CSMEQvz-OUc,1,11,validate
air drumming,CSz0mcaxur4,7,17,validate
driving car,CTRKxtzvWq8,131,141,validate
busking,CU6MFCvEct0,16,26,validate
water sliding,CUJ1dgSalaU,79,89,validate
presenting weather forecast,CUWzk0dfkt0,82,92,validate
ski jumping,CU_wgmnM3dg,20,30,validate
parasailing,CUuVjP03lj4,5,15,validate
canoeing or kayaking,CVVl8eqNu6Q,59,69,validate
grinding meat,CVc9zt4HUJg,199,209,validate
sticking tongue out,CVcpdPympkg,0,10,validate
salsa dancing,CVdXb-pHwJc,310,320,validate
dancing gangnam style,CWR58F43-Mc,22,32,validate
running on treadmill,CWqA2qXbdZ0,17,27,validate
petting animal (not cat),CX-WRbXJTEQ,1,11,validate
using segway,CX5ahdAU5Rs,0,10,validate
cheerleading,CXC3mTNNQu4,250,260,validate
playing cards,CXELciMTioU,191,201,validate
playing keyboard,CXPpgR3wSGg,2,12,validate
passing American football (in game),CXeq7GiuePY,16,26,validate
grooming dog,CXiVTwPsgGw,3,13,validate
feeding goats,CXzyXAV4Mhs,36,46,validate
crossing river,CY26VGQ7t1E,18,28,validate
making tea,CY7MQVksZ_U,346,356,validate
waxing eyebrows,CYdC-BWYqm4,848,858,validate
grooming horse,CYf1RQb_8Ss,95,105,validate
shining shoes,CYug9qeIx20,20,30,validate
ice climbing,CZ1bBgR_P2c,98,108,validate
country line dancing,CZNQfolOAhs,137,147,validate
situp,CZOroZ61VSg,0,10,validate
eating hotdog,CZezk_EbMOY,107,117,validate
trimming or shaving beard,CZfe0PkjvA4,25,35,validate
surfing water,CZtMKdIWUdM,775,785,validate
whistling,CZykUx8OAbU,67,77,validate
lunge,C_1CUXYnSrg,15,25,validate
smoking hookah,C_QP4vOVTrE,164,174,validate
lunge,C_WMx0nlC58,4,14,validate
tapping pen,C_XLgnM4oMs,21,31,validate
biking through snow,C_tBi619ORw,1,11,validate
clay pottery making,Ca-r3s8t1kU,55,65,validate
shaking hands,Ca054foMBZ4,31,41,validate
snowboarding,CaTS2HVYLbE,368,378,validate
unloading truck,CabL1hLMEHY,380,390,validate
tapping guitar,Caduqe8W8R0,117,127,validate
ironing,CbEZDFUyYC0,146,156,validate
making bed,CbLByi9_w6k,153,163,validate
drinking beer,CbOTAir5zbQ,26,36,validate
zumba,CbWTvVA6iDw,4,14,validate
riding mountain bike,Cbyf8gaDUYQ,101,111,validate
flipping pancake,Cc8VMMrVrxg,5,15,validate
cleaning toilet,CcC0oqv8WdM,19,29,validate
disc golfing,CcUS8lV9cvI,34,44,validate
playing ukulele,CcVJcZ4Nnak,6,16,validate
shredding paper,Cd0O3KBY2xY,3,13,validate
playing paintball,CdKqPYN7Wdk,96,106,validate
sled dog racing,CdpUfCli4ys,49,59,validate
welding,CeYbQX8Q-ao,81,91,validate
dying hair,Ceaki4_KfK8,398,408,validate
gymnastics tumbling,CewC3deBFCs,81,91,validate
applying cream,CeytOatOhNY,382,392,validate
juggling soccer ball,CfBw_K62pxw,75,85,validate
situp,CfE7JfVyrRA,6,16,validate
dying hair,CfTVaWwT0Y8,417,427,validate
making a sandwich,CfTfaskeyCs,26,36,validate
brushing hair,CfaunD-wk9o,76,86,validate
petting cat,CfeTpqt937k,3,13,validate
playing cards,Cfn58dShvlg,44,54,validate
weaving basket,CfsaNIiXSaE,133,143,validate
brushing teeth,CfyiD_4zIyY,113,123,validate
strumming guitar,Cg-exRi1Qec,0,10,validate
climbing a rope,CgLTCG4FPrA,9,19,validate
dancing gangnam style,CgRxzu3r7LQ,59,69,validate
parkour,CgVB42ds5uM,7,17,validate
jumping into pool,CgbXcHEt_iE,0,10,validate
skiing slalom,Ch_wt_nV2k4,702,712,validate
bandaging,CiSoUHVR7UM,0,10,validate
dancing macarena,CiTHS0W9vkg,47,57,validate
fixing hair,Cj-ApXd_-CU,82,92,validate
archery,CjMcGn6C3h0,3,13,validate
changing oil,CjPFvpwoKxI,26,36,validate
playing cymbals,CjYMUt6XRI4,150,160,validate
dribbling basketball,CjiJdgoW5Io,74,84,validate
triple jump,CkMMUHV8n64,3,13,validate
stomping grapes,CkcNxKM9Ls4,31,41,validate
playing saxophone,Cklo421HB2A,24,34,validate
high jump,Cl55jmy9OHo,13,23,validate
unloading truck,Cl5JTEWIPeI,0,10,validate
stomping grapes,CleMerIJYHk,165,175,validate
exercising arm,ClhZtmLnuYc,4,14,validate
throwing discus,ClkSJavnIUo,0,10,validate
laughing,ClkbGHCRcn8,45,55,validate
doing aerobics,CltXZfHfNvM,271,281,validate
reading book,CmdAnab0vQ4,9,19,validate
hurling (sport),CnA3Axkjj6A,238,248,validate
cleaning gutters,CnAoO2kG8sM,76,86,validate
blasting sand,CnHJ8n2lMs8,66,76,validate
strumming guitar,CnKxalTehWg,298,308,validate
tai chi,CnsOEEuyrrI,144,154,validate
shot put,CoCW9QR4BSk,64,74,validate
water sliding,CoIUJMIyFyM,12,22,validate
shot put,CoKNZ1rfcOE,2,12,validate
using remote controller (not gaming),CoMT7XJksjI,52,62,validate
washing hands,CoPktawvFyw,509,519,validate
brush painting,Coih_-y4tVw,544,554,validate
grinding meat,CokicjJFHnY,13,23,validate
shooting basketball,CpGPWXaPbKo,30,40,validate
applauding,CpeXj_A8YKY,38,48,validate
punching bag,CqYuHYebpAI,15,25,validate
skiing crosscountry,Cqo3yu-j890,1653,1663,validate
sailing,Cr64W60syxE,479,489,validate
riding mountain bike,CrJG-qxY1aE,229,239,validate
riding camel,CrXRUmAasfU,1,11,validate
opening bottle,CrhPxGAf8Yc,24,34,validate
snowboarding,Crk0n9XYzCw,175,185,validate
hammer throw,Crv8Vif41F8,98,108,validate
punching person (boxing),Cs-CfeLNspE,126,136,validate
playing organ,Cs8Y14ZDigU,85,95,validate
playing organ,Cs8fMWmgK3M,113,123,validate
shot put,CsqpwCNYfpY,3,13,validate
rock scissors paper,Ctb2JzvhUXk,0,10,validate
ice fishing,CtbEJ0ZE01c,443,453,validate
assembling computer,CtgYU-SI8WM,113,123,validate
riding mountain bike,CtwxuN17mtQ,220,230,validate
garbage collecting,CuJxo9Zvq0Q,77,87,validate
riding mechanical bull,CuwikQ_vCaY,0,10,validate
using remote controller (not gaming),Cuzm0SoWI3g,17,27,validate
jumpstyle dancing,CvQfLHlE-PA,1,11,validate
hula hooping,CvQp_d5xQEk,17,27,validate
welding,Cvfsoy0Fmy8,178,188,validate
playing didgeridoo,CvgKjlXU7-8,1,11,validate
surfing crowd,CwLgUTzwXLU,4,14,validate
massaging person's head,CwxyLsRPRgc,168,178,validate
catching fish,Cx614Q4Zf4o,25,35,validate
robot dancing,Cx6XQIwOqyM,2,12,validate
digging,Cx6xq04wvSI,15,25,validate
cracking neck,CxSeWhIVG9M,0,10,validate
picking fruit,CxTrk4Z9LlM,22,32,validate
peeling apples,CxeoXzCdUDk,47,57,validate
making bed,Cxna1pHAoQk,24,34,validate
cooking egg,CyBUkdZavUA,42,52,validate
shot put,CyNgjhUUEDs,4,14,validate
tapping pen,CyXBjcmEY9w,77,87,validate
eating chips,CypDfK3aOMQ,2,12,validate
golf driving,CyqWCmRAEpE,24,34,validate
playing cello,CzFvgcTIsxg,89,99,validate
folding napkins,CzLx7JIwGZY,21,31,validate
cutting watermelon,CzlmtxREZAw,115,125,validate
situp,D--Fa71ta14,74,84,validate
climbing tree,D-IkOT6gBAg,93,103,validate
bending back,D-bMlkaCTDM,0,10,validate
shaving legs,D-vwhz8FCsw,55,65,validate
smoking,D-y_N4u0uRQ,17,27,validate
vault,D01TemZG47g,7,17,validate
shaving legs,D0kWGRuAg2Q,379,389,validate
waxing legs,D0uh7ReW0cU,137,147,validate
skiing crosscountry,D1TJP4V3P7g,58,68,validate
shaking hands,D1_dQGxsAlI,1,11,validate
biking through snow,D1c6W8xbF_s,154,164,validate
contact juggling,D1ddrQYAlhw,1,11,validate
surfing water,D1q_q75iB4c,11,21,validate
cooking on campfire,D1rZ5JBRb4Q,124,134,validate
playing harp,D25fhCDxQYs,74,84,validate
shoveling snow,D28oqfWKAqM,10,20,validate
training dog,D2Iw5WmcZm4,16,26,validate
paragliding,D2NID7pqThs,166,176,validate
washing dishes,D2O1oDi_Doc,224,234,validate
ice fishing,D2s5HmdgiEQ,10,20,validate
skydiving,D2za2DxJ1iw,47,57,validate
grinding meat,D3C1jlHNMZI,402,412,validate
training dog,D3EeiT6hZI4,104,114,validate
riding elephant,D3Rz7lPsdZE,21,31,validate
waxing legs,D3XaEsgkZYA,51,61,validate
cutting nails,D3YY-UdgX4E,78,88,validate
egg hunting,D3ZsH0LJsY0,23,33,validate
clean and jerk,D3cbdvK7B9U,22,32,validate
plastering,D3cl1xIzgxk,250,260,validate
sword fighting,D3rswXHTorc,10,20,validate
swinging on something,D3xBh384SUU,22,32,validate
windsurfing,D4BPjdrFzyo,26,36,validate
spinning poi,D4QAp7ILqyA,139,149,validate
planting trees,D5--ZGEjiWI,16,26,validate
texting,D5GUOM7tBjY,32,42,validate
cracking neck,D5P9DuPQ7e8,3,13,validate
washing dishes,D5TzNmaCgao,49,59,validate
washing dishes,D5Z_fzND8pk,1,11,validate
skiing slalom,D5bxwDTzKrI,313,323,validate
punching person (boxing),D5iLGttoHr4,22,32,validate
parkour,D5j2DVJDRCE,11,21,validate
blowing out candles,D5phX4TjAbs,23,33,validate
bartending,D6B1qRNgTmE,193,203,validate
playing drums,D6IYvlf5t0U,44,54,validate
cleaning gutters,D6bxz6PlPJg,9,19,validate
lunge,D6sp-253F3g,5,15,validate
eating hotdog,D7MdVsuBDK8,9,19,validate
clay pottery making,D7Q0utDnwHI,36,46,validate
counting money,D7R6eFwMd4Y,41,51,validate
strumming guitar,D7jvHJ-qQiI,207,217,validate
headbutting,D7qJTi_6rzQ,3,13,validate
cooking on campfire,D7wCZpqk038,131,141,validate
fixing hair,D7zBuPBBnYA,12,22,validate
hurling (sport),D83TAYTrCgM,855,865,validate
playing bass guitar,D8NgkKUbuQU,3,13,validate
carrying baby,D8VS8x5T-BU,73,83,validate
sanding floor,D8hw4lZJJsQ,10,20,validate
cooking egg,D8lJBR4VZjA,59,69,validate
brushing teeth,D9BXyKzfhGA,0,10,validate
washing feet,D9NdgIDcvaA,479,489,validate
extinguishing fire,D9fk5b14ikA,58,68,validate
waxing chest,D9q6pUOFVAk,10,20,validate
drinking shots,DA1_lpPN8HE,1,11,validate
drop kicking,DA2XaDaYUIs,15,25,validate
eating chips,DA6bFZOzzZU,1,11,validate
bending back,DA8K3c4HgVo,3,13,validate
dancing ballet,DAAdwdZObGc,1,11,validate
zumba,DABOOtlLIWE,35,45,validate
crossing river,DAHugYj5QDU,24,34,validate
skateboarding,DALTjSWeSvY,43,53,validate
finger snapping,DAzCpeWn9DE,161,171,validate
setting table,DBBp9tzla48,103,113,validate
shoveling snow,DBGea9pST1A,16,26,validate
doing nails,DBHp0muhKBo,57,67,validate
brushing teeth,DBOb1ZNzYfw,26,36,validate
dribbling basketball,DBc7EM2OeaA,20,30,validate
sailing,DBeskQl6Hlk,0,10,validate
doing aerobics,DBqkEr0NdUU,47,57,validate
setting table,DBuVHfyVfUc,16,26,validate
riding unicycle,DCMjjC63AD4,31,41,validate
throwing axe,DCUL5rMSzKc,0,10,validate
feeding fish,DC_lQ7AMKsQ,0,10,validate
baby waking up,DCoYWakZfSQ,294,304,validate
breading or breadcrumbing,DDI_EEX61s0,219,229,validate
playing chess,DDXoItt-3bM,13,23,validate
sniffing,DDgXvVeNynU,41,51,validate
high jump,DE9WqtvwImg,0,10,validate
riding mountain bike,DEDI_b1aaAk,90,100,validate
crying,DEWT--G1rW4,75,85,validate
sled dog racing,DEo_WE0vecM,514,524,validate
shoveling snow,DF9HG1w5nZA,58,68,validate
grinding meat,DFYPjpkAz_w,39,49,validate
cutting nails,DGIEnrAYWYU,20,30,validate
bandaging,DGhCE3xIfOg,85,95,validate
dining,DH-guzMcqsM,415,425,validate
riding scooter,DHJB2Kx3fcM,15,25,validate
waxing chest,DHTYdK1VR4I,19,29,validate
sled dog racing,DHU_kFpaHqE,13,23,validate
playing ice hockey,DH_uqMhdyEk,117,127,validate
sneezing,DHbKeEG9JW8,17,27,validate
contact juggling,DI51jAx4sYg,57,67,validate
grooming dog,DIPowS1PFao,28,38,validate
yawning,DIYiKOjA0v0,1,11,validate
riding mountain bike,DI_0uMW94Lw,76,86,validate
canoeing or kayaking,DIaKcGmlndw,234,244,validate
clapping,DInyLBr6s4g,7,17,validate
tying tie,DIrYfnfogiA,148,158,validate
sign language interpreting,DIuKeLcDMXQ,59,69,validate
swimming backstroke,DJNKCdHkPmE,47,57,validate
flipping pancake,DJsDkmoCz4Q,2,12,validate
jetskiing,DKqPSRSDPBk,74,84,validate
tango dancing,DL3TTBaSE4s,32,42,validate
playing badminton,DLCw8RqR1ZU,58,68,validate
getting a haircut,DLDmeHVcIvs,121,131,validate
arm wrestling,DLO6F1FuvaU,17,27,validate
stretching leg,DLZYMNaYXA0,65,75,validate
folding paper,DL_e9BxaEZU,1,11,validate
cooking chicken,DLg070d3E2w,162,172,validate
bending back,DLg2UU3ev1c,8,18,validate
clay pottery making,DM3-DOOm0D0,267,277,validate
tapping guitar,DM7LtVq6zCA,1,11,validate
folding clothes,DM7VgB8wUlY,58,68,validate
spinning poi,DMDe-I5VzQA,98,108,validate
eating ice cream,DMHdlJYzL9E,50,60,validate
massaging feet,DMQ78-jqILw,463,473,validate
tapping pen,DMhLmhPfe3E,124,134,validate
wrapping present,DNH9sLUruX4,154,164,validate
folding clothes,DNMfmNV8Uug,64,74,validate
drumming fingers,DNywsYXQKuk,1,11,validate
windsurfing,DO5i-6-YxGI,173,183,validate
ripping paper,DOAwyFz2Y0I,44,54,validate
bowling,DOKPjE3JJlw,20,30,validate
playing paintball,DOL1_JLWeoo,321,331,validate
taking a shower,DOVh-taDZ5k,22,32,validate
making snowman,DOfcxkAM9Y0,6,16,validate
mowing lawn,DOksF8MGEjI,32,42,validate
doing laundry,DPEesGMMCx4,150,160,validate
picking fruit,DPXMUhzWR-M,31,41,validate
skydiving,DPYBW0iDJT0,83,93,validate
massaging legs,DQ5-QI4_Q7M,205,215,validate
washing hair,DQATO-JOZo4,60,70,validate
skiing crosscountry,DQFR5Do-prg,9,19,validate
bookbinding,DQUNZmbQI_g,345,355,validate
rock climbing,DQidv3KVcEw,55,65,validate
sneezing,DQm0Fz7MUtM,2,12,validate
catching or throwing frisbee,DR0WB_0vn90,62,72,validate
playing tennis,DR2x0iYXt_8,181,191,validate
building shed,DR7BuZPvS8Q,83,93,validate
doing aerobics,DRhDMvAIZFU,129,139,validate
using computer,DRr9KRBwJN8,64,74,validate
diving cliff,DSYf6pQpPxo,62,72,validate
pushing car,DTW7HuqKNok,75,85,validate
peeling apples,DU73PD2lGis,34,44,validate
headbanging,DUmFFNmfgAg,13,23,validate
trimming or shaving beard,DUrBaVJrZgo,12,22,validate
playing paintball,DVBNvSQ-2yc,98,108,validate
golf chipping,DVItW-nFWmw,1,11,validate
paragliding,DV_kcru3uII,4,14,validate
ski jumping,DVapGRYNWgY,4,14,validate
wrapping present,DVgPDdCnk5s,13,23,validate
snorkeling,DVv92spi2jg,135,145,validate
building cabinet,DVy6U8SdQnI,389,399,validate
beatboxing,DVzHuIXkrRE,44,54,validate
playing volleyball,DW4qNjcT-Sk,9,19,validate
training dog,DW9e0p2X_Dk,202,212,validate
ice fishing,DWE7WQkBvBc,249,259,validate
beatboxing,DW_S9heX-CI,37,47,validate
riding camel,DWdHPMqmwwE,73,83,validate
skydiving,DWgjKqvNkWQ,453,463,validate
drawing,DX0gocKPjjU,34,44,validate
answering questions,DX7QDSwVC_8,59,69,validate
dying hair,DX9eHEB8fJw,333,343,validate
skydiving,DXZ7I3oCcBc,125,135,validate
mowing lawn,DY4lLaaQfmU,2,12,validate
sharpening knives,DYCUPaSQkMo,60,70,validate
ski jumping,DYMW0kQ28T0,10,20,validate
springboard diving,DYPEKYAcEFg,243,253,validate
cleaning shoes,DYcbS0QgOs8,3,13,validate
passing American football (in game),DYpTE_n-Wvk,8,18,validate
playing cards,DYqY60po2ts,337,347,validate
playing accordion,DYyukPFYRUg,6,16,validate
eating burger,DYzTcTGkGa8,36,46,validate
waxing eyebrows,DZLnEkHaBEg,922,932,validate
folding napkins,DZQTVlEzFuQ,32,42,validate
punching bag,DZQxj1h2dTo,163,173,validate
juggling soccer ball,DZTcwFRwMzg,132,142,validate
trimming or shaving beard,DZehTHzK004,40,50,validate
folding paper,DZtaIMKz0lU,11,21,validate
making snowman,D_7jI4G_3DI,149,159,validate
using computer,D_8O4QoEiQk,173,183,validate
gymnastics tumbling,D_R7CzLiQYc,3,13,validate
dancing charleston,D_WWG_FHa-A,119,129,validate
vault,DaVHaJ7hk_A,1,11,validate
pole vault,DaW8fJD7jcw,91,101,validate
belly dancing,DahRSOcVLRY,150,160,validate
swimming backstroke,DahbA2h49PM,41,51,validate
playing squash or racquetball,Dapp5hmPbDU,50,60,validate
washing feet,Daq_ufAa7kE,5485,5495,validate
punching bag,Db4dm5z99DA,0,10,validate
making tea,DbJWd2K2Hw0,229,239,validate
waxing back,DbKMD3x2DDg,226,236,validate
mowing lawn,Dbzm5Gl6gWA,17,27,validate
cleaning pool,Dc4GCRu1iTc,41,51,validate
extinguishing fire,DcEuTSu6EEA,255,265,validate
tossing coin,DccaaIQtcx4,38,48,validate
air drumming,DcwyDVypfYg,0,10,validate
playing ukulele,Dcz0r8q-sx0,4,14,validate
motorcycling,Dd5RtuHEJXw,101,111,validate
sanding floor,Dd8clccI5_w,44,54,validate
milking cow,DdUTLqyZ5b8,44,54,validate
headbanging,Ddan3f7RWLE,23,33,validate
cleaning gutters,Ddfb0Pw_t7I,27,37,validate
testifying,DdlgwTx4TPs,0,10,validate
springboard diving,Ddo6OBJY00Y,77,87,validate
setting table,De09B7rNREY,72,82,validate
bouncing on trampoline,Df2texc092Y,42,52,validate
frying vegetables,DfQKcmsOb1I,22,32,validate
pull ups,DfSyWAfV8mg,2,12,validate
doing nails,Df_yfd-IU48,27,37,validate
knitting,DfbacnhhjmQ,548,558,validate
riding or walking with horse,DfdL3F2XbpU,103,113,validate
cleaning pool,DfedtnJbcn8,105,115,validate
golf driving,DfjXZtIrWwg,84,94,validate
tying tie,Dg8swJNFFZU,138,148,validate
gymnastics tumbling,DgLUB2tqxxU,5,15,validate
country line dancing,DgiAfApDPKk,93,103,validate
contact juggling,Dh3RafJ7me4,90,100,validate
celebrating,Dh5gQqbvoZg,246,256,validate
using computer,Dh70tc24F9I,23,33,validate
frying vegetables,Dh7jSIf072g,429,439,validate
curling hair,DhXYjwm_V0U,14,24,validate
walking the dog,Dhas1rn3di4,69,79,validate
playing basketball,DiBlWpZaNuE,42,52,validate
surfing crowd,DiL4xn5HvMM,0,10,validate
eating spaghetti,DiSP2oDGQ1Q,14,24,validate
running on treadmill,DiTdmdqKVRA,45,55,validate
hurling (sport),DibQGfr7wws,134,144,validate
cleaning floor,DifY-N-d3SY,22,32,validate
sharpening knives,Dip_WxizKp4,2,12,validate
waiting in line,Dj6U0QlBOZE,27,37,validate
cleaning shoes,DjOZ7Y8zBO4,77,87,validate
decorating the christmas tree,DjP-PsHsG64,2,12,validate
playing volleyball,Djgz_dNVPjA,69,79,validate
doing nails,Djzb8zaDE1c,168,178,validate
cleaning windows,Dk3DiAp2yAU,29,39,validate
tickling,DkFhk2DC7JA,2,12,validate
egg hunting,DkInbeUN1Hc,5,15,validate
deadlifting,DkMOK0cw4aU,39,49,validate
bandaging,DkPeSIBQlDw,142,152,validate
sneezing,DkSFdTiSDa8,1,11,validate
waxing legs,DkshuoeXT_I,235,245,validate
bee keeping,Dl1NDAZJ8lY,3,13,validate
catching or throwing softball,DlIUMYGMD3w,4,14,validate
tapping guitar,DlOYYqAFOHI,38,48,validate
yoga,DlR28Viv9Pg,32,42,validate
passing American football (not in game),DlYX21GRDD0,3,13,validate
curling hair,DlacScPP8LQ,371,381,validate
shredding paper,DluFbc0UkB0,76,86,validate
jumpstyle dancing,DmJaO4z0Nq0,669,679,validate
doing laundry,DmWpie2Z2sY,143,153,validate
carrying baby,Dmf5xJ2pxLM,139,149,validate
laughing,DmhM47gVw2E,17,27,validate
throwing axe,DmmAQJ8rqfA,5,15,validate
testifying,Dnp7SrYtcCs,282,292,validate
walking the dog,DoH8sIQyOyk,0,10,validate
feeding birds,DoOiOKwy1gk,50,60,validate
sweeping floor,DoSknWpQyPs,55,65,validate
unboxing,DobQIr25XMc,140,150,validate
unloading truck,DodCKw0HAiM,137,147,validate
dying hair,DoskQVCHhR4,3,13,validate
bouncing on trampoline,DowOe3x5TNE,62,72,validate
mopping floor,Dp-8QZE3jyA,0,10,validate
playing harmonica,DpJQShJs2kI,36,46,validate
feeding birds,DqQUvKdBFyA,3,13,validate
eating chips,DqQlFKivsBk,27,37,validate
belly dancing,Dqd2Azck4ik,184,194,validate
using segway,DqtwXBrKv24,8,18,validate
side kick,DrA83FBfuks,30,40,validate
golf putting,DrR4onuV-hg,86,96,validate
salsa dancing,DrSL3Uddj6s,20,30,validate
somersaulting,Ds4ZjDoAq2Q,41,51,validate
reading book,DsR7EyDeLT4,128,138,validate
cutting watermelon,DsYTiEy5cWU,49,59,validate
wrapping present,DsdWGZt3qMM,34,44,validate
playing keyboard,Dt87kKC3HEE,123,133,validate
gymnastics tumbling,Dt9VpQny3O4,4,14,validate
playing bagpipes,DtBGz70QrCA,12,22,validate
bungee jumping,DtDokTvyAuw,19,29,validate
robot dancing,DuFRW5OIhv0,67,77,validate
juggling balls,DvKjLyb3PSE,0,10,validate
snowkiting,DvY0sNS_hWM,3,13,validate
parkour,DvkcuvgHSDM,8,18,validate
reading newspaper,Dvomn3IAnmk,41,51,validate
brushing teeth,DwE5JAS90T8,1,11,validate
laughing,DwfWMAtwbFc,276,286,validate
bartending,Dwk2lAHORIw,45,55,validate
cutting pineapple,Dwn7hc27PIg,63,73,validate
hula hooping,Dwt2PDQfx7w,2,12,validate
hurling (sport),Dx7N7TrffgE,2505,2515,validate
jetskiing,Dx9yHqabd0M,200,210,validate
lunge,DxBzMSiDZBM,3,13,validate
dancing charleston,DxCF_5q1ReU,330,340,validate
using segway,DxUeF-WIdWA,132,142,validate
snatch weight lifting,DxiKG3e-5uQ,0,10,validate
playing controller,DxjGNZXHIDo,193,203,validate
juggling balls,DyTh-HA7L6E,23,33,validate
disc golfing,DyUa2dEY5Kk,2,12,validate
golf chipping,DyfX8rYLQZc,5,15,validate
pumping fist,DyxX7aUJCY8,1,11,validate
playing violin,Dz64L1FfG_o,19,29,validate
windsurfing,DzfzY0FKvgI,29,39,validate
flying kite,E-B59dSQhkU,33,43,validate
clay pottery making,E-YP10G7QdI,43,53,validate
decorating the christmas tree,E010GFRVnEA,10,20,validate
unloading truck,E066bmQTks0,482,492,validate
tying tie,E0C2d_EpfNA,115,125,validate
shoveling snow,E0G6Q4C-CMQ,2,12,validate
using remote controller (not gaming),E0eqyUOxjSs,6,16,validate
getting a tattoo,E0uixJw2u68,587,597,validate
water skiing,E12xk-88SvM,4,14,validate
archery,E15fuG-tYGM,14,24,validate
trimming or shaving beard,E1AMy49duMk,46,56,validate
milking cow,E1IMtf8Rr4A,16,26,validate
hoverboarding,E1Smsuf6cpE,147,157,validate
shaking head,E1mlA2-zD1c,0,10,validate
auctioning,E1nEWt5VZzY,61,71,validate
building shed,E1uh-N8XPog,360,370,validate
dancing gangnam style,E238Ac6mrpY,80,90,validate
hammer throw,E298ed2R1Jk,3,13,validate
ice fishing,E2QZ_ErlrJ4,22,32,validate
riding mule,E2_RYbnGF5U,87,97,validate
smoking hookah,E2croigfy4Y,17,27,validate
throwing discus,E31BW-MAtQg,2,12,validate
golf chipping,E3FG1SdjzVk,21,31,validate
eating ice cream,E3bHu9dSij8,16,26,validate
petting animal (not cat),E3hNU_ZRhtA,10,20,validate
grinding meat,E3xKPQ9WtJI,79,89,validate
washing hands,E3yce2R_yNE,9,19,validate
decorating the christmas tree,E48LkXjzBMg,622,632,validate
marching,E4H2NRFJTEY,65,75,validate
baby waking up,E4KgeYPpMxM,16,26,validate
riding mule,E4MPRVJrAKY,23,33,validate
cutting pineapple,E4iysix7GcU,31,41,validate
side kick,E4pppKz6oa8,136,146,validate
juggling fire,E4wiwmjpHUY,43,53,validate
pumping fist,E5Ivm0-Stb4,23,33,validate
squat,E5Lj0x287KU,2,12,validate
doing laundry,E5Vz0CO_DZ4,76,86,validate
water skiing,E5w7UqteLps,22,32,validate
javelin throw,E5xdkQvnhkc,2,12,validate
welding,E60bOgWoEZQ,1076,1086,validate
presenting weather forecast,E65c6MfwGvY,0,10,validate
swimming backstroke,E66zq1t33tU,1,11,validate
building cabinet,E69tm9BDayQ,555,565,validate
bandaging,E6KByvFUj_U,0,10,validate
mowing lawn,E6U2vHWzTME,25,35,validate
sticking tongue out,E6ZgFC1L178,41,51,validate
driving car,E6cLsQqwcbQ,40,50,validate
whistling,E6cnyjaCD3U,195,205,validate
drinking,E6lfrZb-3MY,3,13,validate
playing chess,E75ZH2AjhFk,239,249,validate
spinning poi,E76gSFQHhwE,151,161,validate
jetskiing,E7GXoGEX6ck,94,104,validate
marching,E7IluE7UKJE,7,17,validate
presenting weather forecast,E7gyHUp_EOE,103,113,validate
playing bagpipes,E7l9YJAJdU8,161,171,validate
riding mule,E87upBMVwWw,7,17,validate
jumpstyle dancing,E8WqHpp2rjY,90,100,validate
making tea,E8biQBlryfA,38,48,validate
baby waking up,E90aq2cwCek,0,10,validate
waxing legs,E9NFOgBeIcM,41,51,validate
waxing legs,E9ap-6-UiMk,6,16,validate
playing xylophone,E9k5I-EJd74,29,39,validate
crying,EACwc5SltR4,2,12,validate
playing cymbals,EAnmircLMpQ,0,10,validate
celebrating,EB7NgPQ8C80,69,79,validate
wrapping present,EBJkv7GCWU4,4,14,validate
eating chips,EBW8_Unndx0,2,12,validate
high jump,EBbJRvMlgHs,2,12,validate
scuba diving,EBeDagB347I,25,35,validate
blowing nose,EBgNUIKHtQc,3,13,validate
grooming dog,EBsZGmr6I98,91,101,validate
cleaning gutters,EBxWBabPBAE,10,20,validate
singing,EByp62GPGOE,14,24,validate
tap dancing,EC3Jzrs_mNA,79,89,validate
disc golfing,EC8iyn_q-NM,326,336,validate
bench pressing,ECnjxQOVXXk,1,11,validate
making a sandwich,ECymPYiyuQk,114,124,validate
mowing lawn,EDAIFrhNIXg,2,12,validate
sniffing,EDE8954SsRk,533,543,validate
eating burger,EDGQcGPyq3o,8,18,validate
getting a haircut,EDLiHlfAyQ8,18,28,validate
breading or breadcrumbing,EDbMeAUeVK0,675,685,validate
opening present,EDcAov-jDmo,9,19,validate
abseiling,EDgbHrT9H0U,65,75,validate
riding scooter,EDhEshycrhg,46,56,validate
parkour,EEHDOVEfXRk,31,41,validate
smoking,EEIAOp5gq2A,1,11,validate
arranging flowers,EEuyL3COBXs,31,41,validate
massaging legs,EFiV66yJqpM,205,215,validate
opening present,EFk5MyAjzCM,146,156,validate
dancing gangnam style,EFlvWjpgNnw,106,116,validate
waiting in line,EFnPfHdFc8w,9,19,validate
moving furniture,EGogN0yGxQs,91,101,validate
eating spaghetti,EGsp0FTBIgU,19,29,validate
ripping paper,EHSGJRj7qdw,37,47,validate
snowmobiling,EI6Ljm-Mz8I,87,97,validate
cleaning pool,EIBqFjQCRO8,4,14,validate
playing accordion,EIJGzKnlMRM,14,24,validate
training dog,EILr0LNw0Mg,36,46,validate
bookbinding,EIbz0laHOrQ,83,93,validate
tossing coin,EJ08ddBZwXM,0,10,validate
tying bow tie,EJEz2UFeD9E,82,92,validate
snowmobiling,EJIWTnBXGpE,2,12,validate
testifying,EJLELzXZ2iY,125,135,validate
digging,EJXgUK4n80U,31,41,validate
brushing hair,EJfiLph7tJ0,0,10,validate
cooking sausages,EJmYVK-nGNI,180,190,validate
crossing river,EJqF_I2pu0o,25,35,validate
bee keeping,EJtbIEDEyVo,127,137,validate
water skiing,EK2xcbRLoJI,15,25,validate
pushing car,EK3HwCxNa2U,2,12,validate
counting money,EKBlXFQCP9s,1,11,validate
finger snapping,EKGXups4Jj4,11,21,validate
juggling soccer ball,EKamIMe5EhE,17,27,validate
springboard diving,EKf-IYascG8,14,24,validate
ski jumping,EKq2G18Atfc,4,14,validate
diving cliff,EKzhNFxJQ4Q,7,17,validate
eating burger,EL0Loz417hU,8,18,validate
shaking hands,EL2PqE3NzKU,0,10,validate
folding clothes,ELGJ0jHaNcU,19,29,validate
cheerleading,ELIqTHKEEQE,88,98,validate
barbequing,EL_FKjwxo0A,121,131,validate
tossing coin,ELaMyCPHaTE,1,11,validate
extinguishing fire,EM-TtOWDJXM,11,21,validate
recording music,EMqHEcvmtr8,41,51,validate
somersaulting,EMtI0f0mq74,1,11,validate
cooking on campfire,ENJtoBiv0Ts,2,12,validate
pull ups,ENMZ3yxq1dM,3,13,validate
making a cake,ENdgyD7Uar4,26,36,validate
squat,ENkU87uTdfU,25,35,validate
doing aerobics,ENvb7Q6TuDU,118,128,validate
opening bottle,ENwDLQTkIlQ,1,11,validate
answering questions,EO15LGshDfQ,28,38,validate
squat,EOFUJIjvteY,71,81,validate
playing guitar,EOQ0ST_d6mQ,74,84,validate
playing paintball,EOVvlU7mRtw,1,11,validate
bee keeping,EP2KbPza-Xg,268,278,validate
washing dishes,EP91m3H18FI,14,24,validate
ice fishing,EPl6aAUaGNs,566,576,validate
planting trees,EQ0L5bCPMUw,146,156,validate
riding unicycle,EQEd92TIhgk,75,85,validate
changing wheel,EQNTFw62uh8,251,261,validate
ironing,EQOqTbKkDC8,59,69,validate
making sushi,EQOtgsHsoWE,33,43,validate
catching or throwing softball,EQ_cfTXhA18,45,55,validate
marching,EQb-QbNaaKE,584,594,validate
assembling computer,ER66qK68tUo,101,111,validate
hammer throw,ERALCayUaEA,7,17,validate
juggling balls,ESTDL77ahM8,4,14,validate
waxing legs,ESeNZMam9hI,7,17,validate
eating hotdog,ESnU5Vn5gqE,30,40,validate
wrestling,ETAqGJ7_FRQ,0,10,validate
barbequing,ETXRScuvjSQ,250,260,validate
jogging,ETfQN5i9XSI,4,14,validate
capoeira,ETmRxmAbKmg,4,14,validate
swinging legs,EU6SzWcg_ZU,0,10,validate
petting cat,EUIGpdmtzuA,1,11,validate
sword fighting,EU_1MKTNEUU,37,47,validate
celebrating,EUlE7Ct-ggM,34,44,validate
beatboxing,EUnzrSuhd7A,7,17,validate
sneezing,EUrok22l2lg,37,47,validate
ice climbing,EV4llGNCo3g,69,79,validate
rock climbing,EVA1YIq3pvI,20,30,validate
biking through snow,EVHx8WuPjgY,20,30,validate
playing cards,EVe27iNIHNQ,10,20,validate
moving furniture,EW0EhBMCT60,26,36,validate
tapping pen,EW0wYwHau9Y,25,35,validate
feeding fish,EWACWyIrZfA,3,13,validate
riding mechanical bull,EWRO7cZ9w0E,10,20,validate
tapping guitar,EWWYBI928ms,1,11,validate
hammer throw,EWnRPJ7BEjM,25,35,validate
pumping fist,EWqDsdgGIS8,4,14,validate
hockey stop,EWwQofpm1ls,60,70,validate
blowing glass,EX8zmwy1qeQ,22,32,validate
hula hooping,EXbQGUbN24c,7,17,validate
doing laundry,EXqhDO7Bghw,30,40,validate
sword fighting,EXza4JiRURc,2,12,validate
dancing ballet,EYJwQ_FU-jM,41,51,validate
bowling,EYKcpyWRtyY,0,10,validate
punching bag,EYp2aM96sDs,267,277,validate
moving furniture,EZ-RjD1tPwk,11,21,validate
carrying baby,EZ6OZXU93B8,1,11,validate
clapping,EZKP6Ygh7qw,0,10,validate
cleaning gutters,EZW9kLri-IU,1,11,validate
wrapping present,EZXJ1eSjMUo,78,88,validate
playing trombone,EZipa18f5gk,41,51,validate
playing squash or racquetball,EZuHSvI10YQ,21,31,validate
flipping pancake,EZvZfmBBJ8E,32,42,validate
texting,E_yqNNBdvH4,1,11,validate
parkour,EaBcZnVoaiA,0,10,validate
using remote controller (not gaming),EaCmPAoSDko,221,231,validate
swimming backstroke,EaR153VdfkI,189,199,validate
feeding fish,EaTJu3YFmcM,0,10,validate
robot dancing,EaY5hWv6Vds,9,19,validate
changing wheel,EaYxFzFx7nQ,25,35,validate
swimming butterfly stroke,EaayXV-uh74,2,12,validate
smoking,EbRJ9qx31AM,16,26,validate
sanding floor,EbXC4bGpZ4M,34,44,validate
blowing glass,EbmNrq9pF5Q,86,96,validate
juggling fire,EbqwLivRk2I,4,14,validate
riding mountain bike,EcH2q0wIOPo,23,33,validate
making jewelry,Ecs9-SCnhcY,153,163,validate
surfing crowd,EdAGcP3dHLY,14,24,validate
laying bricks,EdYnE2O5d8k,35,45,validate
stretching leg,Edbw7nxZ8-c,15,25,validate
diving cliff,EdxaWjb4eSA,22,32,validate
singing,EdzFkO0yaGI,135,145,validate
tying knot (not on a tie),Ee2jxjfyLOI,99,109,validate
garbage collecting,EeAe0t807iQ,7,17,validate
waxing legs,Eeqf2DjDBWY,124,134,validate
making a cake,EeyPOKuvoOI,145,155,validate
dribbling basketball,Ef1N4vXMINQ,59,69,validate
crawling baby,EfQNF30Za_E,8,18,validate
blowing glass,EfrfMEbfRGY,18,28,validate
rock climbing,Eg1Ow6gaKEQ,4,14,validate
snowmobiling,Eg4WzTM6_3Y,27,37,validate
shaving head,EgN-Zo7yiVQ,3,13,validate
flying kite,EgZ6sr0o140,0,10,validate
snowmobiling,EgkRnTkj8gc,3,13,validate
trimming or shaving beard,Eh7VWWyESak,139,149,validate
drinking shots,Eh9kvEJo1G8,0,10,validate
training dog,EhHVT-kf27M,74,84,validate
building cabinet,EhOJf2eduM8,41,51,validate
checking tires,EhRYdxh3OTc,71,81,validate
somersaulting,EhRxb8-cNzQ,1,11,validate
making a cake,EhZe4kaMXNg,121,131,validate
breakdancing,EheZx6VUz4Q,86,96,validate
slacklining,Ei64KAdqul8,8,18,validate
playing controller,Ei7DIDrbxI0,75,85,validate
trapezing,EiIxj5dgcc4,9,19,validate
cartwheeling,EiZvgwrHCMk,0,10,validate
shaving head,EiiYCgssDfQ,30,40,validate
krumping,EjJNJmSp-4o,20,30,validate
presenting weather forecast,EjL4cWN6UJA,82,92,validate
using computer,EjM7NAUXycQ,4,14,validate
salsa dancing,EjQCOH12RX0,65,75,validate
walking the dog,EjTUh7ki-jM,0,10,validate
making a sandwich,EkeRaHbCmOk,2,12,validate
pole vault,El3KVhgunlk,1,11,validate
smoking,ElKBF7RrG1A,4,14,validate
cooking chicken,ElQ1uyAY0P0,326,336,validate
shining shoes,ElRtz8Qz_s8,101,111,validate
hopscotch,ElSBz64AIsE,3,13,validate
walking the dog,ElcE4QXDn5Q,66,76,validate
playing basketball,EldbwC42gjM,116,126,validate
riding or walking with horse,EldiU-fm5gE,54,64,validate
folding clothes,Em4lbLf09M0,21,31,validate
stretching leg,EmPz4q_Nv7s,328,338,validate
spraying,EmQ8N8zlGsY,24,34,validate
waiting in line,EmROi05jCaQ,14,24,validate
drumming fingers,EmYMKuJ13J8,3,13,validate
motorcycling,Emp6jM1B8p8,65,75,validate
eating spaghetti,EmqQU446CkY,11,21,validate
country line dancing,EnENCxDhrvE,107,117,validate
filling eyebrows,EnSN92PIB_M,76,86,validate
eating watermelon,EnZrflYz78o,0,10,validate
scrambling eggs,EoKMGamifew,204,214,validate
golf putting,EoNbjPOFquY,106,116,validate
washing hair,Eoc7qCqrxSs,64,74,validate
riding unicycle,Eoe38EW0KWA,15,25,validate
tasting beer,Ep8fZGuNMrk,841,851,validate
tapping pen,EpKua4_gsHI,29,39,validate
bee keeping,EpLeX1m084s,135,145,validate
recording music,EpUynozoWhk,262,272,validate
bee keeping,EpbYRgIsQRg,18,28,validate
tai chi,EpkRTxllorU,315,325,validate
dunking basketball,Epm2c6l1Md8,2,12,validate
bowling,Epp4z1hle48,33,43,validate
bee keeping,Eprc9G7eDAg,146,156,validate
tickling,EqAYPkVuTdo,39,49,validate
spraying,EqQDjhbDihQ,57,67,validate
news anchoring,Eqfo2o34EUY,0,10,validate
cooking on campfire,Er2f_HVtEc8,21,31,validate
skipping rope,EraTWAIeZZ8,12,22,validate
unloading truck,Eraqc_w2rnc,5,15,validate
drinking,ErncSvx3wTE,4,14,validate
drinking,ErsRZ2Cvn-E,0,10,validate
playing piano,ErtSFRpSeDA,88,98,validate
playing ice hockey,ErylxBbwF5U,622,632,validate
cutting nails,Es863yAsJ80,1,11,validate
side kick,EsE6Lj0c0Sg,1,11,validate
planting trees,EsF39JUatzA,28,38,validate
playing didgeridoo,EtYNYWTTFtg,19,29,validate
ice climbing,EtZA_L8iH8Y,279,289,validate
sneezing,EtmyyJ3__tM,0,10,validate
pushing cart,Etym1-_30wM,10,20,validate
baby waking up,EuK9mU3H1dU,36,46,validate
playing xylophone,EuKlcstm0gA,1,11,validate
sword fighting,EuRuxPSjgn8,52,62,validate
shaving legs,EuUE5iTw7mk,12,22,validate
playing violin,EurLx7PG7S4,26,36,validate
playing cards,Euw6Qf0nL24,339,349,validate
laughing,Ev6wW50FNMA,26,36,validate
trimming trees,EvA5ETD9BlY,52,62,validate
cutting nails,EvDQIyG-WtA,3,13,validate
spray painting,EvJDv6u_B0k,670,680,validate
celebrating,EvqBmWmfW50,64,74,validate
tapping pen,EwGsQ0fn-fQ,95,105,validate
bench pressing,EwsARNDw4qQ,24,34,validate
situp,Ex83kBAta5E,105,115,validate
playing xylophone,ExReUsHc6R8,4,14,validate
tapping guitar,ExaLDk07VLs,200,210,validate
playing squash or racquetball,Exd3SE5Zg0k,31,41,validate
folding napkins,Exd8whYMwVU,327,337,validate
smoking hookah,Exr3wMaqe14,103,113,validate
brushing hair,Exyv2UKrdJQ,108,118,validate
waxing back,EyKSPnf6kkc,51,61,validate
skydiving,Eyg9t7keyxs,22,32,validate
playing controller,EzAPYkvFxO0,355,365,validate
diving cliff,EzMqjDPLRhc,52,62,validate
punching person (boxing),EzVsl4ZXUl8,146,156,validate
cleaning pool,F-AbcbpLzxc,524,534,validate
knitting,F-JM1gIIkbQ,141,151,validate
swimming backstroke,F-OPR_yoOEM,68,78,validate
sharpening pencil,F-QAFKSgiAE,19,29,validate
playing violin,F-cmTIX6Drw,2,12,validate
strumming guitar,F-fJY5b2J18,8,18,validate
sled dog racing,F-ilxwBGvns,50,60,validate
catching or throwing baseball,F-mfSWc6bbA,3,13,validate
picking fruit,F-sdhxF5zrY,47,57,validate
washing dishes,F02FPtrvIKE,7,17,validate
jumping into pool,F0KCc34PxhA,3,13,validate
cleaning pool,F0PB-AHDBqc,201,211,validate
snorkeling,F0PjK-Khqh0,12,22,validate
walking the dog,F0hGTWMUJto,37,47,validate
brush painting,F14Zp1oJ86g,7,17,validate
brushing hair,F152yHSTPvM,517,527,validate
making sushi,F19NFDax-JQ,26,36,validate
water skiing,F1KYDfTyuEI,40,50,validate
playing squash or racquetball,F1P6cVco-nM,66,76,validate
paragliding,F1mIQNOHb60,30,40,validate
javelin throw,F21MHQWYf78,11,21,validate
capoeira,F2iORW_RODU,312,322,validate
arm wrestling,F2iUISyMCNs,2,12,validate
waiting in line,F2mzVzw6uBg,47,57,validate
snorkeling,F3-qrzUdqq4,0,10,validate
petting animal (not cat),F3AC3MXDkFY,5,15,validate
playing flute,F3JNKGPOeVQ,5,15,validate
cooking chicken,F3WuAXBejxc,750,760,validate
snorkeling,F3tzV6U0c_c,1,11,validate
recording music,F3yqKaoo6zM,15,25,validate
clapping,F4A6LSQP6W4,14,24,validate
playing piano,F4C7r0y49lQ,4,14,validate
walking the dog,F4i8YU1LdMw,35,45,validate
feeding fish,F4ouJVZGZAk,55,65,validate
dancing ballet,F5-OQ-HhOSo,40,50,validate
bench pressing,F56MNeSubws,3,13,validate
digging,F5JGcSbKuFs,11,21,validate
riding or walking with horse,F5JTPUwBDw4,405,415,validate
high jump,F5LEI8Kcoc4,1,11,validate
massaging back,F5Y_gGsg4x8,57,67,validate
busking,F5dMNMVRpPU,10,20,validate
shoveling snow,F6EBsLoTomM,6,16,validate
reading book,F6Z0vch07n8,36,46,validate
hugging,F6s6HtSNLOk,73,83,validate
shaving legs,F6tyMvJJvUE,185,195,validate
making bed,F72Uq20m-uA,180,190,validate
petting cat,F7Tmh5j81zI,1,11,validate
catching or throwing baseball,F7hs_aIqsbk,24,34,validate
building shed,F7yII1xbF-k,465,475,validate
digging,F884oEuutac,22,32,validate
getting a haircut,F8IbUoYtT4g,1,11,validate
lunge,F8OZK_eVmFI,1,11,validate
eating cake,F8nBY9L6te0,2,12,validate
contact juggling,F97Prahr92M,214,224,validate
dancing ballet,F9F2YKb-m-c,28,38,validate
pushing wheelchair,F9HJ2kDMZc8,33,43,validate
rock scissors paper,F9_kfprEnHo,115,125,validate
shearing sheep,F9j7r3TqE5c,18,28,validate
catching or throwing baseball,F9kCgXa2aTs,18,28,validate
writing,F9ksEE4_YJ8,162,172,validate
eating chips,F9pbkiekLgw,1,11,validate
golf chipping,F9t5Z8CtWks,4,14,validate
waxing chest,F9yMYIrtHcc,9,19,validate
climbing ladder,FA6K2LD6q9A,50,60,validate
drop kicking,FAElMaFxnFI,35,45,validate
swimming backstroke,FATVP9RmzyQ,8,18,validate
extinguishing fire,FBGJAvbwKf0,47,57,validate
planting trees,FBOLbjD7cLM,128,138,validate
fixing hair,FC1iry0ICA0,16,26,validate
shaking hands,FC7aPbEfwOY,8,18,validate
driving tractor,FC9yd-arj7A,77,87,validate
grinding meat,FCJOW0cv6f4,3,13,validate
bending metal,FCZQSGXsvw4,91,101,validate
bench pressing,FCc-qnF2EfM,10,20,validate
pole vault,FConSEQ-fdQ,13,23,validate
training dog,FCzFSpTvXVI,73,83,validate
hoverboarding,FDEEqxPY4fs,75,85,validate
hula hooping,FDEX87EpNH4,76,86,validate
stomping grapes,FDXOERUOES8,118,128,validate
filling eyebrows,FDkpOtm10Zo,258,268,validate
swinging legs,FE17BEdU5fc,14,24,validate
swing dancing,FE3j-k2V0Uo,409,419,validate
surfing water,FEJFDsPci1o,135,145,validate
riding or walking with horse,FELtCBJAJcw,1,11,validate
juggling fire,FEQ-gdkTN4Q,8,18,validate
riding scooter,FEQESgWY-64,8,18,validate
digging,FEhHTZRUfBA,236,246,validate
tying knot (not on a tie),FEhXzInfrtU,6,16,validate
breakdancing,FEwr9Izi_2E,64,74,validate
washing hands,FF5bixBz7Q0,110,120,validate
playing ice hockey,FFFDl7ISAGM,61,71,validate
breading or breadcrumbing,FFToc1AI-ps,274,284,validate
rock climbing,FFdvV2RAPYc,65,75,validate
jetskiing,FFlcxVW61sQ,42,52,validate
strumming guitar,FG1C4hUw1Lw,12,22,validate
riding scooter,FGCNMNjanO4,13,23,validate
gargling,FGF8WpXEPKM,0,10,validate
welding,FGRFxTj15cA,78,88,validate
pumping fist,FGZ_lEaHCws,2,12,validate
drumming fingers,FGx5C0ld4ZQ,2,12,validate
using remote controller (not gaming),FHYIacqtEbw,6,16,validate
tying knot (not on a tie),FHlk7WMsDDA,151,161,validate
drinking,FHp5s-bozzw,70,80,validate
jogging,FI2tnYlMtPg,22,32,validate
feeding fish,FIAJguB_TQk,37,47,validate
grooming dog,FIRm-yYJY4A,145,155,validate
hurling (sport),FIYml5gRpWw,20,30,validate
opening present,FIrIMW4NS7I,2,12,validate
ice skating,FItktYuq7Vc,0,10,validate
dancing ballet,FIuALT6dY_A,2,12,validate
playing cricket,FJ6bs7-IKz0,75,85,validate
shaking hands,FJh6IxHTrqw,31,41,validate
cutting nails,FKpMyAoZNN0,0,10,validate
barbequing,FL5XmV72Fgs,39,49,validate
eating chips,FLO3H7gAge8,111,121,validate
breakdancing,FLUTSVeTZGg,9,19,validate
hugging,FM0H2JVTjDI,29,39,validate
cooking on campfire,FMHjkGpN0Ek,170,180,validate
exercising with an exercise ball,FMKSzVoKUqg,9,19,validate
eating ice cream,FMRzRK_ZXu0,1,11,validate
auctioning,FMeBI97BUFA,1090,1100,validate
surfing water,FMfkibqFapo,77,87,validate
eating chips,FNJPTBBGEYk,89,99,validate
waiting in line,FNKh46h1h2E,38,48,validate
throwing ball,FNMF4UTY1es,21,31,validate
headbutting,FNcDJKK4zBk,2,12,validate
playing squash or racquetball,FNgPx9rRjtA,40,50,validate
eating chips,FONzCq4L7so,37,47,validate
grinding meat,FOT5kK23BbU,0,10,validate
surfing crowd,FOoHKpr1xs8,2,12,validate
news anchoring,FPMHX607bgY,240,250,validate
clapping,FPxy-IKLS_8,72,82,validate
sign language interpreting,FQ2uRXScxTo,34,44,validate
dancing charleston,FQ7SNTSq-9o,100,110,validate
knitting,FQWwnm6nVFg,54,64,validate
dancing charleston,FQpLIyAfbqI,23,33,validate
laughing,FQrCs4eCKiA,64,74,validate
playing saxophone,FQrXAPz-daQ,120,130,validate
drinking shots,FQuMAHVbvf8,2,12,validate
shredding paper,FRH9izvA9Go,65,75,validate
hockey stop,FRJRyeqonvI,11,21,validate
eating ice cream,FRei3a5Gqio,3,13,validate
dancing ballet,FRsV4HLKJ_4,116,126,validate
building shed,FRta4ZmcNIQ,68,78,validate
punching person (boxing),FS-OtWTdhZk,18,28,validate
catching or throwing frisbee,FS6PGrmnylo,2,12,validate
snorkeling,FSKfYcZfhBI,91,101,validate
plastering,FSTaEc4Bpww,472,482,validate
cutting watermelon,FSbY2JwyJTY,114,124,validate
weaving basket,FSgi1sCNYUc,812,822,validate
bee keeping,FSxnsMZTDLk,28,38,validate
snowboarding,FSy2SnnVAA4,56,66,validate
waxing chest,FT0L2UKwXHQ,5,15,validate
reading book,FT4E6NDbzCQ,0,10,validate
sign language interpreting,FTBqGeVgqfw,45,55,validate
eating hotdog,FTOgHjhqlhU,54,64,validate
shuffling cards,FTVcolz_kcA,2,12,validate
blowing out candles,FTxa5j8T03k,9,19,validate
walking the dog,FUX5NN3MnLg,34,44,validate
dancing charleston,FW4Yt7_whts,119,129,validate
kicking field goal,FWMRjeShr3M,3,13,validate
swimming backstroke,FWXov5vY4Yg,329,339,validate
playing piano,FWkNC3y4s5I,4,14,validate
baking cookies,FWx9d8nPnJY,3,13,validate
blowing out candles,FX-MM3_kMrk,13,23,validate
cooking chicken,FXLr56-rD68,273,283,validate
shooting goal (soccer),FXN38F_eok4,38,48,validate
doing nails,FXyOyWfWm0Q,30,40,validate
waxing eyebrows,FXztaHacQYs,4,14,validate
eating ice cream,FY55O6mvZjM,25,35,validate
changing oil,FY5qIE99hyc,8,18,validate
exercising with an exercise ball,FYJbFn_3hrk,13,23,validate
getting a haircut,FYVgES8zbXQ,104,114,validate
playing recorder,FZ22bAHCqQE,4,14,validate
playing harmonica,FZ7CCmtyduc,450,460,validate
playing tennis,FZXpPZmEoCc,5,15,validate
water sliding,FZh0Xq4A05A,10,20,validate
hammer throw,FZkEOQEhWRs,3,13,validate
crossing river,FZmNWmGs298,12,22,validate
kicking field goal,FZrUsxOLqZ8,16,26,validate
singing,FZrg29zsAe8,23,33,validate
yoga,FZtGGXmZjmE,88,98,validate
shearing sheep,FZyRZFvZLoU,96,106,validate
springboard diving,FZyzAfRc9ek,434,444,validate
doing laundry,F_8YbzMdn3I,39,49,validate
opening present,F_Wso9Xapqw,220,230,validate
bandaging,F__Uc2BPWfg,43,53,validate
blasting sand,F_rtbfn0lxk,30,40,validate
grooming dog,FaM9bZRznFM,16,26,validate
juggling soccer ball,FawHl2-_DAg,54,64,validate
cleaning toilet,Fb7TUY4A-lk,191,201,validate
catching or throwing baseball,FbImz9B2jBY,0,10,validate
trimming trees,FbpFw3nEEek,22,32,validate
playing recorder,Fc6cUsENAak,100,110,validate
riding unicycle,FcIpuhgYbd8,4,14,validate
opening present,FcrKaBX8WG8,30,40,validate
applying cream,FcyIa1Fmg9A,33,43,validate
driving car,Fd8aixrHuyo,121,131,validate
presenting weather forecast,Fe0OMsts_Ks,76,86,validate
cleaning shoes,Fe9sBnw0vDI,24,34,validate
somersaulting,FeH2KguLaD8,1,11,validate
tap dancing,FeRhm6RPdco,125,135,validate
dining,Fe_5E_DzRJY,103,113,validate
bending back,FfOEo0s-rII,11,21,validate
eating carrots,FfOYLNqEKqg,49,59,validate
flipping pancake,FfYee0NphwU,6,16,validate
whistling,Fgd5qHhkUZA,28,38,validate
cutting watermelon,FggvRvL_NDM,21,31,validate
presenting weather forecast,Fgj1uNersUg,189,199,validate
motorcycling,FhT7RgpkUvk,15,25,validate
canoeing or kayaking,Fhj3gXyUukk,330,340,validate
catching or throwing frisbee,Fi1TkpzQG78,154,164,validate
riding mechanical bull,FiIPtpzJ6hY,37,47,validate
peeling apples,FiIUKB5hU9U,1,11,validate
cleaning floor,FiQhZnb_ggU,49,59,validate
kicking soccer ball,Fj2XkNYeJgc,48,58,validate
clay pottery making,FjXmFGWEY_4,22,32,validate
reading newspaper,FjvH434RlFk,3,13,validate
diving cliff,FkA9doylBHQ,13,23,validate
playing chess,FkflS-roksk,554,564,validate
parkour,Fkm2mGhVc28,80,90,validate
playing badminton,FkpvJ7cNl80,159,169,validate
shredding paper,Fky5jhnQrgI,7,17,validate
playing clarinet,Fl7XJN4ZgqE,274,284,validate
whistling,FlMZIb1p_Oo,4,14,validate
jogging,Fm-uOSfuq9I,64,74,validate
plastering,Fm3ZbSnyxuI,300,310,validate
windsurfing,FmVJHJfDKIU,70,80,validate
springboard diving,FnLY_cMSO88,6,16,validate
playing saxophone,FnS-I1SXiVo,0,10,validate
playing volleyball,FnbrvKMwJFc,25,35,validate
playing didgeridoo,FncITQdQdTI,213,223,validate
getting a tattoo,FoDFCp1FIDY,2,12,validate
drinking beer,FoYDCEARn1E,257,267,validate
bending back,FpC1qkjuusA,1,11,validate
situp,Fpe5A0w9m10,23,33,validate
chopping wood,Fq-N6hpOTBo,2,12,validate
canoeing or kayaking,FqCVQSDxOSs,773,783,validate
welding,FqOUejbG4jg,46,56,validate
passing American football (not in game),FqemMjbgaxw,16,26,validate
throwing discus,Fqnz-z_LCTM,4,14,validate
jogging,Fr8MFyPjdIQ,10,20,validate
holding snake,FrhFmC3Q60A,2,12,validate
recording music,FsJ58U5nihY,93,103,validate
tobogganing,FsMc5K6tXIU,119,129,validate
building cabinet,FsTj8WkNSKY,62,72,validate
playing poker,FseFXKwEMOI,241,251,validate
using computer,FtG7kxYf958,1659,1669,validate
tapping pen,FtW5yDvO7cc,41,51,validate
singing,FuHOkar7pYA,26,36,validate
building shed,FuYQ1zLYC60,287,297,validate
presenting weather forecast,Fud6yLzDqV0,108,118,validate
cutting watermelon,FvOcs6oiICc,115,125,validate
cooking egg,Fve3dpIPNcA,18,28,validate
frying vegetables,FvlCNVRSsKw,0,10,validate
eating spaghetti,Fvs-QRbD3HA,71,81,validate
hammer throw,Fw0BEU65mD8,16,26,validate
hockey stop,FwaVge70Les,13,23,validate
pushing cart,Fwf1RwbuWAE,12,22,validate
petting animal (not cat),FwzM9HFTuUI,7,17,validate
bartending,Fx8rJn8KRZM,281,291,validate
dancing ballet,Fx9QbbjkTrg,6,16,validate
making a sandwich,FxzBN629MGw,3,13,validate
hitting baseball,Fz16t9SrF3U,80,90,validate
passing American football (not in game),Fz2QSdd4M40,21,31,validate
archery,FzfqEd36YbY,1101,1111,validate
drumming fingers,Fzy4ESz1FBw,179,189,validate
wrapping present,FzyoBb6MWE0,144,154,validate
dunking basketball,G-Bd7wg9jaA,0,10,validate
pushing cart,G-QOA5AzXQg,4,14,validate
sharpening knives,G-WEI433HQ0,15,25,validate
applying cream,G-c2dx61L8Q,379,389,validate
baking cookies,G0H7Ci13xjM,1,11,validate
weaving basket,G0I5uFbiwpc,458,468,validate
ice skating,G0Vfr-94sOg,3,13,validate
drinking beer,G0XJmZVO8W4,27,37,validate
kissing,G0Z4E1xDeEY,79,89,validate
motorcycling,G0cjkxBtpBg,106,116,validate
tango dancing,G0ouKKUWPHA,72,82,validate
riding unicycle,G1GZTKv3aak,1,11,validate
surfing crowd,G1l1wXwrx_k,0,10,validate
sharpening knives,G1tvQndOiB8,58,68,validate
sword fighting,G2-gqXeZ31A,12,22,validate
writing,G2MO_SNlO2s,274,284,validate
carrying baby,G2RKIICc-CY,4,14,validate
folding clothes,G2XYLk0-_38,34,44,validate
pushing car,G4DepGkcNL8,3,13,validate
arm wrestling,G4KxzVy0MiI,57,67,validate
dancing ballet,G4PX1Mqka7w,132,142,validate
moving furniture,G4UHDUpJRH4,1,11,validate
arm wrestling,G4hBScq-qFo,43,53,validate
walking the dog,G4wgZyOgcFc,4,14,validate
cleaning floor,G538mW1ifHs,192,202,validate
wrapping present,G58gIv46EGg,41,51,validate
gymnastics tumbling,G5M9zYZkdt0,2,12,validate
zumba,G5RDXxRe0Kk,180,190,validate
water sliding,G5X_titCRgg,41,51,validate
smoking,G5uCZP8xJ6c,50,60,validate
bending metal,G6DYjleOkRk,73,83,validate
playing saxophone,G6M0uqfvkLU,49,59,validate
tobogganing,G6dQbg7EEn0,0,10,validate
windsurfing,G6rypz2CWDE,4,14,validate
cleaning floor,G6t03xhx8xM,19,29,validate
vault,G6z9eP01n4c,38,48,validate
playing cymbals,G7FXsSJHd9E,218,228,validate
marching,G7HxOT0Bioo,88,98,validate
playing trombone,G8PlhOL_ICg,62,72,validate
peeling potatoes,G8beyXcgEQ0,24,34,validate
hugging,G8fEnqIOkiA,102,112,validate
making tea,G9SPEgH9LP0,7,17,validate
crying,G9dDhi46AuA,39,49,validate
throwing ball,G9mtF5NROrI,32,42,validate
walking the dog,G9o6oRbGP64,3,13,validate
doing aerobics,G9yLic_CA6w,14,24,validate
abseiling,G9zN5TTuGO4,179,189,validate
folding paper,GA5VuyL2uy8,5,15,validate
jogging,GAD9SuTQuqE,70,80,validate
cutting pineapple,GAgI6GmNU9A,57,67,validate
swimming backstroke,GAw4NZDPCuU,3,13,validate
riding scooter,GBNp0m9bMWA,345,355,validate
brush painting,GBv0szGg3uQ,200,210,validate
playing paintball,GBvKWqY7tiM,135,145,validate
salsa dancing,GCFCnD0nQRY,3,13,validate
punching person (boxing),GCeJ0S7BWj4,342,352,validate
playing saxophone,GCh5bbKJgbE,148,158,validate
driving tractor,GD6IvEwZAUE,3,13,validate
drumming fingers,GD7vz-g6aDQ,3,13,validate
hurdling,GDHCL0P8JBs,12,22,validate
kicking soccer ball,GDQ3gYwlwc8,210,220,validate
filling eyebrows,GDqoputNOmY,127,137,validate
playing keyboard,GEBx0uXsfKE,181,191,validate
swinging legs,GEEhky7BL2U,3,13,validate
busking,GEJsoARb83w,9,19,validate
planting trees,GELorec4nWc,295,305,validate
playing monopoly,GEXEKvlofXY,22,32,validate
washing hands,GEhjxUqsjFs,96,106,validate
skiing slalom,GEpsdCTPSkM,15,25,validate
paragliding,GF4WEdN_H0s,191,201,validate
milking cow,GFImmZKT80U,24,34,validate
crawling baby,GFUjDXgWTGs,9,19,validate
playing chess,GFVHrOSmezw,10,20,validate
skydiving,GFmejF5gXqg,200,210,validate
dancing gangnam style,GFr_E9QFAEs,59,69,validate
bending metal,GGCSk5HIU9A,5,15,validate
eating watermelon,GGTuo56vOPE,80,90,validate
training dog,GGVSxD3xWT8,0,10,validate
barbequing,GGcfFGYDkT4,0,10,validate
cooking egg,GGpw5xawjEs,111,121,validate
laying bricks,GH29j3GDw6g,5,15,validate
laughing,GH9XMpFCBNc,27,37,validate
setting table,GHogkyTGqyc,121,131,validate
trimming or shaving beard,GHqPqLSYE-w,159,169,validate
jumpstyle dancing,GI7nIyMEQi4,56,66,validate
grooming dog,GIV3wMDDiKw,64,74,validate
trimming or shaving beard,GIdLl3lf0B4,416,426,validate
playing harp,GIuWuKtYTUY,9,19,validate
making tea,GJ-fPbpUp3A,55,65,validate
hockey stop,GJ7EGQEyZvc,20,30,validate
counting money,GJNKz9zvrKI,162,172,validate
tying bow tie,GJmfSgkvH7o,19,29,validate
cutting pineapple,GJzywS6GjSE,28,38,validate
javelin throw,GKK32IWDlSE,22,32,validate
pushing wheelchair,GK_kYCRKI_A,42,52,validate
playing organ,GLPggNHgBZA,7,17,validate
pushing car,GLdwVdLjHy0,0,10,validate
hurling (sport),GLes9aesBeQ,1399,1409,validate
mopping floor,GLkal49h2hs,60,70,validate
spray painting,GM6B4uWYRTE,104,114,validate
crying,GM99WsWHIfs,18,28,validate
swimming butterfly stroke,GMPCgz48NOc,22,32,validate
roller skating,GMY_fchm0k4,159,169,validate
jumping into pool,GN2UTYoip98,4,14,validate
tying bow tie,GN9WSehaKhI,39,49,validate
moving furniture,GNIYY0I-ZBw,2,12,validate
headbanging,GNKAiDaDBug,5,15,validate
headbanging,GNUDkrXspaQ,69,79,validate
tap dancing,GNpQr4iyJlw,0,10,validate
feeding fish,GNvRLH8n-HU,0,10,validate
golf driving,GO1d1Swou5Y,3,13,validate
ice fishing,GO6YI36E_Do,140,150,validate
folding clothes,GOUsmmcZfho,141,151,validate
playing didgeridoo,GOyyglYYzSI,3,13,validate
swinging legs,GP8cLcCDbVQ,5,15,validate
ironing,GPDGLUa_TZs,186,196,validate
parasailing,GPlkJLmCgx8,2,12,validate
brushing hair,GPuRBJNaE9s,2,12,validate
javelin throw,GQ--4QfVpXc,3,13,validate
triple jump,GQ-hPUp__3I,1,11,validate
shaking hands,GQ-nmfmGoZg,76,86,validate
eating ice cream,GQQ3s4O_-HY,6,16,validate
country line dancing,GQVOeaGT6YQ,64,74,validate
crawling baby,GQww6HWpB0A,26,36,validate
checking tires,GRKXs_OY4eQ,37,47,validate
lunge,GRSXmWM-iQ0,17,27,validate
gargling,GRUaFDouTV8,36,46,validate
playing kickball,GRa9CqLNj5o,635,645,validate
headbanging,GRscyoaT0Ls,120,130,validate
playing violin,GRt0r0SGP-g,0,10,validate
playing harp,GRxIEkT4KiE,207,217,validate
hitting baseball,GS-PcxmaHmQ,847,857,validate
skiing (not slalom or crosscountry),GS3C6pgGeus,39,49,validate
juggling fire,GS6LmIdToOk,0,10,validate
skateboarding,GSA42RjR2U0,299,309,validate
dancing gangnam style,GSIjf67LbQ0,9,19,validate
knitting,GSIzYLbasHY,25,35,validate
weaving basket,GSPo43iddoY,178,188,validate
bending metal,GT67ogDNBjo,134,144,validate
bandaging,GTREdmWoZhI,55,65,validate
clay pottery making,GTZsciKYYT4,3,13,validate
riding a bike,GTeOYQWnXXo,1,11,validate
sign language interpreting,GTiGQtH8bdI,86,96,validate
krumping,GTr3wXCclpM,40,50,validate
drawing,GTs3ZLA32PU,73,83,validate
cleaning shoes,GTuVrC3EsVA,8,18,validate
skipping rope,GU5SV08xxVU,330,340,validate
skipping rope,GUWR5TyiY-M,12,22,validate
dribbling basketball,GUf3saB0aGg,35,45,validate
marching,GUin7H1w6Yo,31,41,validate
juggling soccer ball,GUy6jFejIMo,83,93,validate
playing cello,GUyTgGDMYtE,406,416,validate
playing drums,GVG5XbChg6U,12,22,validate
playing tennis,GVK6q6VYAGs,23,33,validate
tobogganing,GVKxjn9rsQc,4,14,validate
auctioning,GVWXXU2H79Y,78,88,validate
catching fish,GVpVm4e6CLQ,259,269,validate
drop kicking,GWJpFCxj16c,1,11,validate
playing bagpipes,GWNSJNADD1o,23,33,validate
shaving legs,GWOHr1RViOo,441,451,validate
tying knot (not on a tie),GWg_E15jgqs,102,112,validate
washing hair,GX37TuE-QJM,3,13,validate
throwing ball,GXO1eYu4kr8,0,10,validate
breakdancing,GXb98Zh2hLc,22,32,validate
baking cookies,GY50tHf8H3Q,105,115,validate
watering plants,GYBmUL9lGl0,1,11,validate
garbage collecting,GYLHrR0ZThs,47,57,validate
cooking sausages,GYqKHzgFRz0,14,24,validate
slacklining,GYwQ5dGKznY,37,47,validate
wrapping present,GZ1bKOgTYPI,75,85,validate
ski jumping,GZElFdfRwcE,1,11,validate
dancing charleston,GZPstSF1Auo,3,13,validate
pumping fist,GZQMgahZpqo,125,135,validate
tossing salad,GZbDnvtR9RE,277,287,validate
snowmobiling,GZlR0uRkuXw,58,68,validate
cutting watermelon,GZq09Mo8drg,49,59,validate
playing harmonica,G_F-s3g3SmI,0,10,validate
building cabinet,G_QjdzXtCv0,423,433,validate
making sushi,G_Sd_E_fLvY,168,178,validate
trimming or shaving beard,G__lySaTeNM,609,619,validate
kitesurfing,GaJkFkykvdI,19,29,validate
unloading truck,GaRaR0G-ugg,34,44,validate
tapping guitar,GaeywPbOb_Q,34,44,validate
cheerleading,Gaka1NW8IMU,74,84,validate
jetskiing,GalFP-kKAqU,57,67,validate
roller skating,Gb6nvJnagIM,8,18,validate
tasting food,GbG-9gFzMNY,195,205,validate
breakdancing,GbHZIkqtQvY,1,11,validate
wrapping present,Gbh6gI2_-zg,2,12,validate
playing volleyball,GbvgvkqQlqs,10,20,validate
tying bow tie,Gc17qG_NNRU,68,78,validate
snorkeling,GdPlrnT4aXE,14,24,validate
skiing crosscountry,GdRx4eRJLog,136,146,validate
busking,GdV6XMoCzjo,89,99,validate
riding unicycle,Gda_kwXXS7s,35,45,validate
sign language interpreting,Gdrzzsl7XpE,0,10,validate
waiting in line,GeFnlGwmyr8,1,11,validate
making pizza,GeXqqkiq05M,114,124,validate
shoveling snow,GemX0d_J_L4,2,12,validate
opening present,Gesx8Xva1Gk,38,48,validate
cleaning windows,Gf7WySUCFWY,40,50,validate
cleaning toilet,GfJiFBqIjPE,105,115,validate
washing feet,GfL6YnkAASo,97,107,validate
kitesurfing,GfMigQqZADw,37,47,validate
punching person (boxing),GfUWoo5NQxg,10,20,validate
curling hair,GfoihBOzP1I,37,47,validate
hula hooping,GfrW49Kn3PE,0,10,validate
hoverboarding,GgEt7nbShNc,138,148,validate
playing accordion,GgOCTNRyCpg,2,12,validate
tapping guitar,GgS5UEgguEg,15,25,validate
sled dog racing,GgX_IB4VwNw,78,88,validate
eating doughnuts,GgkZrY0WGU4,11,21,validate
stretching arm,GhEZt5l4cLg,88,98,validate
faceplanting,GhG5PXDqmUY,8,18,validate
shaving head,GhHhtEuWyUk,75,85,validate
planting trees,GhktqoG8INU,13,23,validate
eating cake,GhxfA4fdiBY,56,66,validate
walking the dog,Gi5sXnt1cBM,34,44,validate
high jump,Gi6aBVAb-Ng,7,17,validate
dunking basketball,Gj25eTl-ICY,3,13,validate
fixing hair,GjgzYiQV0fM,38,48,validate
frying vegetables,GjpI37k5tcw,207,217,validate
waxing chest,GkQg-lPrv_k,2,12,validate
snatch weight lifting,GkSJ8xMvgwY,1,11,validate
bouncing on trampoline,GkVIMabbmqE,27,37,validate
zumba,GkYrazsi4pw,58,68,validate
passing American football (not in game),GkdE5FD-cSI,4,14,validate
making bed,GklmNbXyf78,1,11,validate
balloon blowing,GkvNd8VBuXk,170,180,validate
playing organ,Gkz0bp6uJLA,152,162,validate
scuba diving,Gkzm08AyOA8,1626,1636,validate
tapping pen,GlIAQH29bSA,167,177,validate
tossing salad,GlTXkJ_rX0I,108,118,validate
folding paper,GlUhlP8JIac,129,139,validate
krumping,GltBTBXrmuc,1,11,validate
massaging person's head,GltqdcAebks,429,439,validate
springboard diving,Glv-SLEJRpM,2,12,validate
brushing hair,GlykR4fqsVc,49,59,validate
swinging on something,Gn3GtDKZZPQ,10,20,validate
waxing chest,GnAEF4SBvZE,173,183,validate
parasailing,GnDaza4NNl4,36,46,validate
swimming breast stroke,GnLcbz9RQ4Q,78,88,validate
blowing leaves,GnVKPXh9llg,3,13,validate
opening bottle,GoFJb86v1pg,0,10,validate
making sushi,Go_Y7OJjDYg,15,25,validate
tying bow tie,GogHEguIjG0,10,20,validate
tying bow tie,Gog_-_qM_gY,45,55,validate
dancing gangnam style,GogsO0a4JG4,133,143,validate
making pizza,Gp6V7XlW66s,181,191,validate
water skiing,GpI8DSsvwXI,44,54,validate
cheerleading,GpPvaesEbZA,230,240,validate
crawling baby,GpPvqvsqGy0,6,16,validate
cleaning gutters,Gpj3iOcyWwM,104,114,validate
playing squash or racquetball,GpjcZBN2Suo,53,63,validate
testifying,GpqfD94DZSY,1,11,validate
using segway,Gq9tysTxb2I,46,56,validate
tobogganing,GqCUEAigBWw,12,22,validate
playing accordion,GqIVXd-dtis,65,75,validate
playing keyboard,GqRDx6JyqPU,21,31,validate
cutting pineapple,GqSVrVCoh54,1,11,validate
swimming breast stroke,GqmVoia9cRo,41,51,validate
riding mule,GqnNJywvDy4,53,63,validate
riding a bike,GrQqGlVSuQc,76,86,validate
bartending,GrcpzYj3Bt8,141,151,validate
massaging back,GriF7tGZeuY,509,519,validate
sticking tongue out,GrjJSOrgM1Y,3,13,validate
blowing nose,Grnnkc2O8ys,3,13,validate
taking a shower,GsHzDYOArsc,9,19,validate
chopping wood,GsTh6alxJPk,44,54,validate
egg hunting,Gt5nDj3nu80,31,41,validate
playing cello,GtO-nnjNOVQ,4,14,validate
sharpening pencil,Gu2BTszELMU,2,12,validate
tossing salad,Gu4HsLukf_I,135,145,validate
parasailing,GuClMEvE3gM,55,65,validate
skiing (not slalom or crosscountry),GuFI_K7gqwY,60,70,validate
headbutting,GuJthR1xU6c,19,29,validate
slacklining,GvbG1efwhNg,82,92,validate
eating watermelon,Gvr1bO64FiM,2,12,validate
eating burger,Gw2eAf8EnlQ,258,268,validate
cleaning gutters,GwCYvrGXjhA,19,29,validate
massaging feet,GwElbO-wOMQ,1,11,validate
getting a tattoo,GwHov-I3AbM,184,194,validate
throwing discus,GwYzr7BTNGQ,2,12,validate
abseiling,GwlcmI36imo,127,137,validate
ironing,GwsYeOKDMWw,49,59,validate
doing nails,GxCuXItBcYg,338,348,validate
riding a bike,GxOyauj2nBo,1,11,validate
shooting basketball,GxbHdnQNWmU,113,123,validate
pumping gas,Gxt8IMcBAqc,4,14,validate
playing paintball,GyRaX0VYQDQ,78,88,validate
playing didgeridoo,Gywjx3Oe3qU,2,12,validate
doing nails,Gz0R2V0k30s,64,74,validate
opening bottle,Gz7IR0o9v7s,81,91,validate
curling hair,GzMe547DQIU,467,477,validate
bartending,GzT5lLWA-kM,35,45,validate
snatch weight lifting,Gzvtu2erq-0,2,12,validate
playing basketball,H--Aco0yzW4,1,11,validate
motorcycling,H--Ww0gGDWU,6,16,validate
flying kite,H-aC3KJGvZg,8,18,validate
bungee jumping,H00z3_VI4vU,85,95,validate
building shed,H0BVq8faHbk,11,21,validate
playing violin,H0EcgaAV9lU,196,206,validate
checking tires,H0JTbnt168I,56,66,validate
catching fish,H14SrEG2chU,233,243,validate
welding,H19hCJbYBPU,5,15,validate
juggling balls,H1HLH6V2bU4,35,45,validate
barbequing,H1O-4_wYN_c,0,10,validate
long jump,H1TwUFA_-bw,1,11,validate
diving cliff,H1oAVU9WKG8,1,11,validate
reading newspaper,H1qb8IhOX-Y,203,213,validate
jumpstyle dancing,H2LmlfY8GHg,2,12,validate
capoeira,H2XPyyYHuFg,13,23,validate
swing dancing,H2eHZ94WYpM,105,115,validate
wrapping present,H2nFFNdDYZ4,1,11,validate
carving pumpkin,H2y1th4WaWU,56,66,validate
taking a shower,H3LR-XTm2FA,2,12,validate
feeding fish,H3VyrIMy7Uk,41,51,validate
playing monopoly,H3gKVBNpm7Q,2,12,validate
cracking neck,H3hFD5Ze-bE,8,18,validate
assembling computer,H3yTF6wqTbg,242,252,validate
carving pumpkin,H4lcLtTEb-E,15,25,validate
cooking sausages,H4x83A504TQ,289,299,validate
auctioning,H5KcYdDzf9c,176,186,validate
bench pressing,H5Serpimcb0,19,29,validate
catching or throwing softball,H5aL-_PAsZ0,0,10,validate
strumming guitar,H6McgunOIQw,1,11,validate
sniffing,H6Q4Aq8uDtA,4,14,validate
eating hotdog,H6br3lzeFSA,2,12,validate
massaging legs,H6yHFzBP26s,722,732,validate
cooking egg,H6yq9icpuMc,66,76,validate
playing guitar,H7RA7onD_P8,81,91,validate
skiing slalom,H7RnxUf0mFQ,112,122,validate
hockey stop,H7mB4-XGRmY,25,35,validate
high jump,H8E0a2WVJHw,10,20,validate
slapping,H8Eazgr7xjM,4,14,validate
hugging,H8NSkZofOQs,7,17,validate
tying bow tie,H8Ny92IEyaM,13,23,validate
